{"type":"FeatureCollection","features":[{"type":"Feature","properties":{"nombre":"Camino Collico Sur - Tres Esquinas","jerarquia":5},"geometry":{"type":"LineString","coordinates":[[-72.26703,-39.37093],[-72.2782,-39.36823]]}},{"type":"Feature","properties":{"nombre":"Camino Collico Sur - Tres Esquinas","jerarquia":5},"geometry":{"type":"LineString","coordinates":[[-72.2782,-39.36823],[-72.28058,-39.36764]]}},{"type":"Feature","properties":{"nombre":"Camino Collico Sur - Tres Esquinas","jerarquia":5},"geometry":{"type":"LineString","coordinates":[[-72.28058,-39.36764],[-72.28274,-39.3671]]}},{"type":"Feature","properties":{"nombre":"Camino Collico Sur - Tres Esquinas","jerarquia":5},"geometry":{"type":"LineString","coordinates":[[-72.28274,-39.3671],[-72.28597,-39.36632],[-72.28632,-39.36604],[-72.28745,-39.36494]]}},{"type":"Feature","properties":{"nombre":"Camino Collico Sur - Tres Esquinas","jerarquia":5},"geometry":{"type":"LineString","coordinates":[[-72.28745,-39.36494],[-72.28845,-39.36428],[-72.29112,-39.36204],[-72.29142,-39.36183],[-72.29187,-39.36166],[-72.29592,-39.36071]]}},{"type":"Feature","properties":{"nombre":"Camino Collico Sur - Tres Esquinas","jerarquia":5},"geometry":{"type":"LineString","coordinates":[[-72.32725,-39.35363],[-72.32955,-39.35301],[-72.33138,-39.35269]]}},{"type":"Feature","properties":{"nombre":"Camino Collico Sur - Tres Esquinas","jerarquia":5},"geometry":{"type":"LineString","coordinates":[[-72.33138,-39.35269],[-72.33945,-39.35104],[-72.342,-39.34937]]}},{"type":"Feature","properties":{"nombre":"Camino Tres Esquinas - Los Copihues","jerarquia":5},"geometry":{"type":"LineString","coordinates":[[-72.34921,-39.37275],[-72.35025,-39.37376]]}},{"type":"Feature","properties":{"nombre":"Camino Collico Sur - Liumalla","jerarquia":5},"geometry":{"type":"LineString","coordinates":[[-72.25886,-39.3702],[-72.25849,-39.3703],[-72.25793,-39.37102],[-72.25756,-39.37141],[-72.2574,-39.37152],[-72.25678,-39.37218],[-72.25664,-39.37242],[-72.25646,-39.37284],[-72.25631,-39.37344],[-72.25658,-39.37433],[-72.25672,-39.37459]]}},{"type":"Feature","properties":{"nombre":"Camino Cancha Aviación - Relún","jerarquia":5},"geometry":{"type":"LineString","coordinates":[[-72.24367,-39.32425],[-72.24418,-39.32466]]}},{"type":"Feature","properties":{"nombre":"Camino Cancha Aviación - Relún","jerarquia":5},"geometry":{"type":"LineString","coordinates":[[-72.24418,-39.32466],[-72.24474,-39.32509]]}},{"type":"Feature","properties":{"nombre":"Camino Cancha Aviación - Relún","jerarquia":5},"geometry":{"type":"LineString","coordinates":[[-72.24474,-39.32509],[-72.24549,-39.32568]]}},{"type":"Feature","properties":{"nombre":"Camino Cancha Aviación - Relún","jerarquia":5},"geometry":{"type":"LineString","coordinates":[[-72.24549,-39.32568],[-72.24605,-39.32614]]}},{"type":"Feature","properties":{"nombre":"Camino Cancha Aviación - Relún","jerarquia":5},"geometry":{"type":"LineString","coordinates":[[-72.24605,-39.32614],[-72.24625,-39.3263]]}},{"type":"Feature","properties":{"nombre":"Camino Cancha Aviación - Relún","jerarquia":5},"geometry":{"type":"LineString","coordinates":[[-72.24625,-39.3263],[-72.24767,-39.32741]]}},{"type":"Feature","properties":{"nombre":"Camino Cancha Aviación - Relún","jerarquia":5},"geometry":{"type":"LineString","coordinates":[[-72.24767,-39.32741],[-72.2488,-39.3283]]}},{"type":"Feature","properties":{"nombre":"Camino Cancha Aviación - Relún","jerarquia":5},"geometry":{"type":"LineString","coordinates":[[-72.2488,-39.3283],[-72.24895,-39.32841]]}},{"type":"Feature","properties":{"nombre":"Camino Cancha Aviación - Relún","jerarquia":5},"geometry":{"type":"LineString","coordinates":[[-72.24895,-39.32841],[-72.24921,-39.32861]]}},{"type":"Feature","properties":{"nombre":"Camino Cancha Aviación - Relún","jerarquia":5},"geometry":{"type":"LineString","coordinates":[[-72.24921,-39.32861],[-72.24995,-39.32919]]}},{"type":"Feature","properties":{"nombre":"Camino Cancha Aviación - Relún","jerarquia":5},"geometry":{"type":"LineString","coordinates":[[-72.24995,-39.32919],[-72.25048,-39.32962]]}},{"type":"Feature","properties":{"nombre":"Camino Cancha Aviación - Relún","jerarquia":5},"geometry":{"type":"LineString","coordinates":[[-72.25048,-39.32962],[-72.25055,-39.32967]]}},{"type":"Feature","properties":{"nombre":"Camino Cancha Aviación - Relún","jerarquia":5},"geometry":{"type":"LineString","coordinates":[[-72.25055,-39.32967],[-72.2507,-39.32978]]}},{"type":"Feature","properties":{"nombre":"Camino Mendoza - Comunidad Lincopán","jerarquia":5},"geometry":{"type":"LineString","coordinates":[[-72.33138,-39.35269],[-72.33658,-39.36642],[-72.33692,-39.36863],[-72.33751,-39.36955],[-72.33948,-39.37167],[-72.34232,-39.37447]]}},{"type":"Feature","properties":{"nombre":"Camino Los Guindos - Segunda Faja","jerarquia":4},"geometry":{"type":"LineString","coordinates":[[-72.16603,-39.31834],[-72.166,-39.31827]]}},{"type":"Feature","properties":{"nombre":"Camino Los Guindos - Segunda Faja","jerarquia":4},"geometry":{"type":"LineString","coordinates":[[-72.166,-39.31827],[-72.1656,-39.3172]]}},{"type":"Feature","properties":{"nombre":"Camino Los Guindos - Segunda Faja","jerarquia":4},"geometry":{"type":"LineString","coordinates":[[-72.1656,-39.3172],[-72.1643,-39.31375]]}},{"type":"Feature","properties":{"nombre":"Camino Los Guindos - Segunda Faja","jerarquia":4},"geometry":{"type":"LineString","coordinates":[[-72.1643,-39.31375],[-72.16351,-39.31165]]}},{"type":"Feature","properties":{"nombre":"Camino Los Guindos - Segunda Faja","jerarquia":4},"geometry":{"type":"LineString","coordinates":[[-72.16351,-39.31165],[-72.16182,-39.30713]]}},{"type":"Feature","properties":{"nombre":"Camino Los Guindos - Segunda Faja","jerarquia":4},"geometry":{"type":"LineString","coordinates":[[-72.16182,-39.30713],[-72.16147,-39.30621]]}},{"type":"Feature","properties":{"nombre":"Camino Los Guindos - Segunda Faja","jerarquia":4},"geometry":{"type":"LineString","coordinates":[[-72.16147,-39.30621],[-72.16108,-39.30516]]}},{"type":"Feature","properties":{"nombre":"Camino Los Guindos - Segunda Faja","jerarquia":4},"geometry":{"type":"LineString","coordinates":[[-72.16108,-39.30516],[-72.16032,-39.30315]]}},{"type":"Feature","properties":{"nombre":"Camino Los Guindos - Segunda Faja","jerarquia":4},"geometry":{"type":"LineString","coordinates":[[-72.16032,-39.30315],[-72.1601,-39.30256]]}},{"type":"Feature","properties":{"nombre":"Camino Los Guindos - Segunda Faja","jerarquia":4},"geometry":{"type":"LineString","coordinates":[[-72.1601,-39.30256],[-72.15985,-39.30188]]}},{"type":"Feature","properties":{"nombre":"Camino Los Guindos - Segunda Faja","jerarquia":4},"geometry":{"type":"LineString","coordinates":[[-72.15985,-39.30188],[-72.15935,-39.30056]]}},{"type":"Feature","properties":{"nombre":"Camino Cónquil - Voipir","jerarquia":5},"geometry":{"type":"LineString","coordinates":[[-72.193,-39.34333],[-72.19301,-39.34273]]}},{"type":"Feature","properties":{"nombre":"Camino Cónquil - Voipir","jerarquia":5},"geometry":{"type":"LineString","coordinates":[[-72.19301,-39.34273],[-72.19335,-39.34169],[-72.19374,-39.34016],[-72.19431,-39.33933],[-72.19404,-39.33791]]}},{"type":"Feature","properties":{"nombre":"Camino Cónquil - Voipir","jerarquia":5},"geometry":{"type":"LineString","coordinates":[[-72.19404,-39.33791],[-72.19319,-39.33287],[-72.193,-39.33196]]}},{"type":"Feature","properties":{"nombre":"Avenida Presidente Juan Antonio Ríos","jerarquia":3},"geometry":{"type":"LineString","coordinates":[[-72.23033,-39.29166],[-72.22978,-39.29267]]}},{"type":"Feature","properties":{"nombre":"Avenida Presidente Juan Antonio Ríos","jerarquia":3},"geometry":{"type":"LineString","coordinates":[[-72.22978,-39.29267],[-72.22842,-39.29518]]}},{"type":"Feature","properties":{"nombre":"Avenida Presidente Juan Antonio Ríos","jerarquia":3},"geometry":{"type":"LineString","coordinates":[[-72.22842,-39.29518],[-72.2283,-39.29541]]}},{"type":"Feature","properties":{"nombre":"Segunda Faja","jerarquia":4},"geometry":{"type":"LineString","coordinates":[[-72.20645,-39.30837],[-72.20717,-39.30815]]}},{"type":"Feature","properties":{"nombre":"Segunda Faja","jerarquia":4},"geometry":{"type":"LineString","coordinates":[[-72.20717,-39.30815],[-72.20769,-39.30802]]}},{"type":"Feature","properties":{"nombre":"Segunda Faja","jerarquia":4},"geometry":{"type":"LineString","coordinates":[[-72.20769,-39.30802],[-72.20865,-39.30778]]}},{"type":"Feature","properties":{"nombre":"Segunda Faja","jerarquia":4},"geometry":{"type":"LineString","coordinates":[[-72.20865,-39.30778],[-72.20949,-39.30757]]}},{"type":"Feature","properties":{"nombre":"Segunda Faja","jerarquia":4},"geometry":{"type":"LineString","coordinates":[[-72.20949,-39.30757],[-72.21071,-39.30727]]}},{"type":"Feature","properties":{"nombre":"Segunda Faja","jerarquia":4},"geometry":{"type":"LineString","coordinates":[[-72.21071,-39.30727],[-72.21098,-39.3072]]}},{"type":"Feature","properties":{"nombre":"Segunda Faja","jerarquia":4},"geometry":{"type":"LineString","coordinates":[[-72.21098,-39.3072],[-72.21125,-39.30714]]}},{"type":"Feature","properties":{"nombre":"Segunda Faja","jerarquia":4},"geometry":{"type":"LineString","coordinates":[[-72.21125,-39.30714],[-72.2118,-39.307]]}},{"type":"Feature","properties":{"nombre":"Segunda Faja","jerarquia":4},"geometry":{"type":"LineString","coordinates":[[-72.2118,-39.307],[-72.21236,-39.30687]]}},{"type":"Feature","properties":{"nombre":"Segunda Faja","jerarquia":4},"geometry":{"type":"LineString","coordinates":[[-72.21236,-39.30687],[-72.21411,-39.30644]]}},{"type":"Feature","properties":{"nombre":"Camino Huiscapi - Ñancul","jerarquia":5},"geometry":{"type":"LineString","coordinates":[[-72.30888,-39.28443],[-72.3091,-39.28457],[-72.31005,-39.28479],[-72.31065,-39.28509],[-72.31105,-39.28539],[-72.31149,-39.28581],[-72.31173,-39.28613],[-72.31195,-39.28664],[-72.31205,-39.2872],[-72.31184,-39.28922],[-72.31195,-39.28989],[-72.31234,-39.29058],[-72.31266,-39.29097],[-72.31283,-39.29108],[-72.31338,-39.29117],[-72.31831,-39.291],[-72.31882,-39.29107]]}},{"type":"Feature","properties":{"nombre":"Camino Huiscapi - Ñancul","jerarquia":5},"geometry":{"type":"LineString","coordinates":[[-72.31882,-39.29107],[-72.31942,-39.29137],[-72.32096,-39.29237]]}},{"type":"Feature","properties":{"nombre":"Camino Huiscapi - Ñancul","jerarquia":5},"geometry":{"type":"LineString","coordinates":[[-72.32096,-39.29237],[-72.3221,-39.29311],[-72.32312,-39.29355],[-72.3237,-39.29388],[-72.32401,-39.29417],[-72.32442,-39.2948],[-72.32475,-39.29504],[-72.32853,-39.29631],[-72.33002,-39.29676],[-72.33052,-39.29684],[-72.33544,-39.29722],[-72.33616,-39.29717],[-72.33839,-39.29676],[-72.34145,-39.29663],[-72.34238,-39.2968],[-72.3439,-39.29719],[-72.34582,-39.29759],[-72.34606,-39.29774],[-72.34675,-39.29892],[-72.3482,-39.30084],[-72.3484,-39.301],[-72.34866,-39.3011],[-72.35027,-39.30141],[-72.35105,-39.30134]]}},{"type":"Feature","properties":{"nombre":"Variante Los Copihues","jerarquia":5},"geometry":{"type":"LineString","coordinates":[[-72.342,-39.34937],[-72.34467,-39.35277]]}},{"type":"Feature","properties":{"nombre":"Variante Los Copihues","jerarquia":5},"geometry":{"type":"LineString","coordinates":[[-72.34467,-39.35277],[-72.34538,-39.35375],[-72.34626,-39.35475],[-72.34636,-39.355],[-72.34633,-39.35605],[-72.34655,-39.3573],[-72.34645,-39.35755],[-72.34613,-39.35792],[-72.34608,-39.35819],[-72.34671,-39.35936],[-72.34677,-39.35965],[-72.34665,-39.35993],[-72.34512,-39.36196],[-72.345,-39.36235],[-72.34506,-39.36261],[-72.34591,-39.36449]]}},{"type":"Feature","properties":{"nombre":"Variante Los Copihues","jerarquia":5},"geometry":{"type":"LineString","coordinates":[[-72.34591,-39.36449],[-72.34707,-39.36706],[-72.34921,-39.37275]]}},{"type":"Feature","properties":{"nombre":"Camino Putué Bajo - Rinconada","jerarquia":5},"geometry":{"type":"LineString","coordinates":[[-72.24192,-39.26867],[-72.24187,-39.26854]]}},{"type":"Feature","properties":{"nombre":"Camino Putué Bajo - Rinconada","jerarquia":5},"geometry":{"type":"LineString","coordinates":[[-72.24187,-39.26854],[-72.2419,-39.26842],[-72.24281,-39.26741],[-72.24316,-39.26712],[-72.24443,-39.26619],[-72.24588,-39.26531],[-72.24625,-39.26499],[-72.24676,-39.26442],[-72.24759,-39.26335],[-72.24829,-39.26224]]}},{"type":"Feature","properties":{"nombre":"Camino Putué Bajo - Rinconada","jerarquia":5},"geometry":{"type":"LineString","coordinates":[[-72.24829,-39.26224],[-72.24882,-39.26192],[-72.24959,-39.2617],[-72.25078,-39.26119]]}},{"type":"Feature","properties":{"nombre":"Camino Putué Bajo - Rinconada","jerarquia":5},"geometry":{"type":"LineString","coordinates":[[-72.25078,-39.26119],[-72.25147,-39.2609],[-72.2522,-39.26069],[-72.25292,-39.26056],[-72.25355,-39.26051]]}},{"type":"Feature","properties":{"nombre":"Camino Putué Bajo - Rinconada","jerarquia":5},"geometry":{"type":"LineString","coordinates":[[-72.25355,-39.26051],[-72.25458,-39.26046],[-72.25596,-39.26026],[-72.25636,-39.26008],[-72.25706,-39.2596],[-72.2575,-39.2594],[-72.26125,-39.25859],[-72.26742,-39.25805],[-72.26861,-39.25803],[-72.27063,-39.25811],[-72.27114,-39.25797],[-72.27265,-39.25724],[-72.278,-39.25548],[-72.27936,-39.25528],[-72.28085,-39.25486],[-72.28232,-39.25453]]}},{"type":"Feature","properties":{"nombre":"Camino Putué Bajo - Rinconada","jerarquia":5},"geometry":{"type":"LineString","coordinates":[[-72.28232,-39.25453],[-72.28356,-39.25439],[-72.28428,-39.25441],[-72.28483,-39.25449],[-72.28657,-39.25508],[-72.28694,-39.25513],[-72.28721,-39.25507],[-72.28778,-39.25482],[-72.28893,-39.25419],[-72.28947,-39.2537],[-72.28989,-39.25339],[-72.29447,-39.25056]]}},{"type":"Feature","properties":{"nombre":"Camino Putué Bajo - Rinconada","jerarquia":5},"geometry":{"type":"LineString","coordinates":[[-72.29447,-39.25056],[-72.29467,-39.25047]]}},{"type":"Feature","properties":{"nombre":"Camino Putué Bajo - Rinconada","jerarquia":5},"geometry":{"type":"LineString","coordinates":[[-72.29467,-39.25047],[-72.29539,-39.25017]]}},{"type":"Feature","properties":{"nombre":"Camino Putué Bajo - Rinconada","jerarquia":5},"geometry":{"type":"LineString","coordinates":[[-72.29539,-39.25017],[-72.29896,-39.2487]]}},{"type":"Feature","properties":{"nombre":"Camino Putué Bajo - Rinconada","jerarquia":5},"geometry":{"type":"LineString","coordinates":[[-72.29896,-39.2487],[-72.30122,-39.24772],[-72.3017,-39.2476],[-72.30298,-39.24739],[-72.30404,-39.24711],[-72.30451,-39.24695],[-72.30627,-39.24615]]}},{"type":"Feature","properties":{"nombre":"Camino Putué Bajo - Rinconada","jerarquia":5},"geometry":{"type":"LineString","coordinates":[[-72.30627,-39.24615],[-72.30771,-39.24554]]}},{"type":"Feature","properties":{"nombre":"Camino Putué Bajo - Rinconada","jerarquia":5},"geometry":{"type":"LineString","coordinates":[[-72.30771,-39.24554],[-72.30856,-39.2452],[-72.30893,-39.24512],[-72.31072,-39.24521]]}},{"type":"Feature","properties":{"nombre":"Camino Putué Bajo - Rinconada","jerarquia":5},"geometry":{"type":"LineString","coordinates":[[-72.31072,-39.24521],[-72.31213,-39.24532]]}},{"type":"Feature","properties":{"nombre":"Juan Contreras","jerarquia":5},"geometry":{"type":"LineString","coordinates":[[-72.30821,-39.28011],[-72.30872,-39.28165]]}},{"type":"Feature","properties":{"nombre":"Juan Contreras","jerarquia":5},"geometry":{"type":"LineString","coordinates":[[-72.30872,-39.28165],[-72.30875,-39.28173]]}},{"type":"Feature","properties":{"nombre":"Juan Contreras","jerarquia":5},"geometry":{"type":"LineString","coordinates":[[-72.30875,-39.28173],[-72.30898,-39.28241],[-72.30894,-39.28261]]}},{"type":"Feature","properties":{"nombre":"Juan Contreras","jerarquia":5},"geometry":{"type":"LineString","coordinates":[[-72.30894,-39.28261],[-72.30868,-39.28276],[-72.30826,-39.28285]]}},{"type":"Feature","properties":{"nombre":"Ruta S-749","jerarquia":5},"geometry":{"type":"LineString","coordinates":[[-72.34913,-39.31774],[-72.35035,-39.31928],[-72.35052,-39.31959],[-72.35053,-39.32012],[-72.35037,-39.32071],[-72.35048,-39.32236],[-72.35063,-39.32329],[-72.35127,-39.32395],[-72.35134,-39.32439],[-72.35166,-39.32546],[-72.35157,-39.32575],[-72.35124,-39.32633],[-72.35116,-39.32703],[-72.35129,-39.32741],[-72.35232,-39.32817],[-72.35259,-39.32866],[-72.35247,-39.32931],[-72.35256,-39.32951],[-72.3524,-39.32991],[-72.35154,-39.33112],[-72.35096,-39.33162],[-72.34996,-39.33223],[-72.34956,-39.33322],[-72.34916,-39.33361],[-72.34835,-39.33406],[-72.34784,-39.33441],[-72.34746,-39.33494],[-72.34646,-39.33653],[-72.34485,-39.33756],[-72.34454,-39.33793],[-72.34446,-39.33831],[-72.34461,-39.33871]]}},{"type":"Feature","properties":{"nombre":"Ruta S-749","jerarquia":5},"geometry":{"type":"LineString","coordinates":[[-72.34461,-39.33871],[-72.34698,-39.34503],[-72.34687,-39.34531],[-72.347,-39.34579],[-72.34697,-39.34612],[-72.34675,-39.34623],[-72.34621,-39.34637],[-72.34575,-39.34676],[-72.34553,-39.3471]]}},{"type":"Feature","properties":{"nombre":"Ruta S-749","jerarquia":5},"geometry":{"type":"LineString","coordinates":[[-72.34553,-39.3471],[-72.34656,-39.34794],[-72.34898,-39.35341],[-72.35043,-39.35536],[-72.35448,-39.35813],[-72.35547,-39.35867],[-72.35617,-39.35948],[-72.35699,-39.36081],[-72.35723,-39.36148]]}},{"type":"Feature","properties":{"nombre":"Ruta S-749","jerarquia":5},"geometry":{"type":"LineString","coordinates":[[-72.35723,-39.36148],[-72.3591,-39.36678],[-72.36008,-39.36872]]}},{"type":"Feature","properties":{"nombre":"Isabel Riquelme","jerarquia":4},"geometry":{"type":"LineString","coordinates":[[-72.23072,-39.27682],[-72.23083,-39.27678]]}},{"type":"Feature","properties":{"nombre":"Isabel Riquelme","jerarquia":4},"geometry":{"type":"LineString","coordinates":[[-72.23083,-39.27678],[-72.23571,-39.27512]]}},{"type":"Feature","properties":{"nombre":"Isabel Riquelme","jerarquia":4},"geometry":{"type":"LineString","coordinates":[[-72.23571,-39.27512],[-72.23972,-39.27376]]}},{"type":"Feature","properties":{"nombre":"Ruta S-91","jerarquia":3},"geometry":{"type":"LineString","coordinates":[[-72.29828,-39.27552],[-72.28927,-39.27472]]}},{"type":"Feature","properties":{"nombre":"Ruta S-91","jerarquia":3},"geometry":{"type":"LineString","coordinates":[[-72.28927,-39.27472],[-72.28838,-39.27465]]}},{"type":"Feature","properties":{"nombre":"Ruta S-91","jerarquia":3},"geometry":{"type":"LineString","coordinates":[[-72.28838,-39.27465],[-72.28365,-39.2745]]}},{"type":"Feature","properties":{"nombre":"Ruta S-91","jerarquia":3},"geometry":{"type":"LineString","coordinates":[[-72.28365,-39.2745],[-72.27897,-39.27444],[-72.27805,-39.27448]]}},{"type":"Feature","properties":{"nombre":"Ruta S-91","jerarquia":3},"geometry":{"type":"LineString","coordinates":[[-72.27805,-39.27448],[-72.27657,-39.27469]]}},{"type":"Feature","properties":{"nombre":"Ruta S-91","jerarquia":3},"geometry":{"type":"LineString","coordinates":[[-72.27657,-39.27469],[-72.27533,-39.27493]]}},{"type":"Feature","properties":{"nombre":"Ruta S-91","jerarquia":3},"geometry":{"type":"LineString","coordinates":[[-72.27533,-39.27493],[-72.27243,-39.27552],[-72.2714,-39.27579],[-72.2705,-39.27615],[-72.26757,-39.27758],[-72.26686,-39.27785],[-72.26651,-39.27792]]}},{"type":"Feature","properties":{"nombre":"Ruta S-91","jerarquia":3},"geometry":{"type":"LineString","coordinates":[[-72.26651,-39.27792],[-72.26582,-39.278],[-72.26506,-39.27795],[-72.26371,-39.2777],[-72.26242,-39.27738],[-72.26196,-39.2772],[-72.25813,-39.27504]]}},{"type":"Feature","properties":{"nombre":"Ruta S-91","jerarquia":3},"geometry":{"type":"LineString","coordinates":[[-72.25813,-39.27504],[-72.25596,-39.27381]]}},{"type":"Feature","properties":{"nombre":"Ruta S-91","jerarquia":3},"geometry":{"type":"LineString","coordinates":[[-72.25596,-39.27381],[-72.25348,-39.27235],[-72.2468,-39.26806],[-72.24619,-39.26778],[-72.24569,-39.26764],[-72.24504,-39.26754],[-72.24445,-39.26754],[-72.2439,-39.26761],[-72.24333,-39.26777],[-72.24266,-39.26806],[-72.24228,-39.26833],[-72.24192,-39.26867]]}},{"type":"Feature","properties":{"nombre":"Ruta S-91","jerarquia":3},"geometry":{"type":"LineString","coordinates":[[-72.24192,-39.26867],[-72.24156,-39.2692],[-72.24139,-39.26963],[-72.24115,-39.27144]]}},{"type":"Feature","properties":{"nombre":"Ruta S-91","jerarquia":3},"geometry":{"type":"LineString","coordinates":[[-72.30833,-39.2798],[-72.3082,-39.27976]]}},{"type":"Feature","properties":{"nombre":"Ruta S-91","jerarquia":3},"geometry":{"type":"LineString","coordinates":[[-72.3082,-39.27976],[-72.30742,-39.27953]]}},{"type":"Feature","properties":{"nombre":"Camino Collico Sur - Liumalla","jerarquia":5},"geometry":{"type":"LineString","coordinates":[[-72.24418,-39.32466],[-72.24606,-39.32958]]}},{"type":"Feature","properties":{"nombre":"Camino Collico Sur - Liumalla","jerarquia":5},"geometry":{"type":"LineString","coordinates":[[-72.24606,-39.32958],[-72.24622,-39.32998],[-72.24622,-39.3301]]}},{"type":"Feature","properties":{"nombre":"Camino Collico Sur - Liumalla","jerarquia":5},"geometry":{"type":"LineString","coordinates":[[-72.24622,-39.3301],[-72.24608,-39.33022],[-72.24435,-39.33086],[-72.24322,-39.33134],[-72.24313,-39.33149],[-72.24382,-39.33326],[-72.24391,-39.33402],[-72.24372,-39.33444],[-72.24355,-39.33523],[-72.24342,-39.3364],[-72.24348,-39.33763],[-72.24331,-39.3379],[-72.2428,-39.33814],[-72.24259,-39.3383],[-72.2425,-39.33857],[-72.24317,-39.34062],[-72.24456,-39.34434],[-72.2447,-39.34452],[-72.24609,-39.34524],[-72.24629,-39.34539],[-72.24642,-39.34556],[-72.24661,-39.34601],[-72.24778,-39.34822],[-72.24801,-39.34843],[-72.2507,-39.34944],[-72.2529,-39.35097],[-72.25356,-39.35129],[-72.25514,-39.35159],[-72.25581,-39.35157],[-72.25592,-39.35162],[-72.25622,-39.35237],[-72.25634,-39.35253],[-72.25647,-39.35286],[-72.25701,-39.35371],[-72.25719,-39.35453],[-72.25727,-39.35462],[-72.25855,-39.35479],[-72.26092,-39.35521],[-72.2612,-39.35538],[-72.26166,-39.3564],[-72.26296,-39.3598],[-72.26285,-39.35992],[-72.26201,-39.36009],[-72.26185,-39.36019],[-72.2615,-39.36152],[-72.26123,-39.36227]]}},{"type":"Feature","properties":{"nombre":"Camino Collico - Huincacara","jerarquia":5},"geometry":{"type":"LineString","coordinates":[[-72.21957,-39.34303],[-72.21939,-39.34304]]}},{"type":"Feature","properties":{"nombre":"Camino Collico - Huincacara","jerarquia":5},"geometry":{"type":"LineString","coordinates":[[-72.21939,-39.34304],[-72.2135,-39.34335],[-72.21263,-39.34321],[-72.21216,-39.34343],[-72.21157,-39.34344],[-72.21002,-39.34306],[-72.20956,-39.34282],[-72.20826,-39.34237],[-72.20778,-39.34232]]}},{"type":"Feature","properties":{"nombre":"Camino Collico - Huincacara","jerarquia":5},"geometry":{"type":"LineString","coordinates":[[-72.20778,-39.34232],[-72.20532,-39.34205],[-72.20345,-39.34242],[-72.20301,-39.34243],[-72.20161,-39.34217],[-72.20112,-39.34222]]}},{"type":"Feature","properties":{"nombre":"Camino Collico - Huincacara","jerarquia":5},"geometry":{"type":"LineString","coordinates":[[-72.20112,-39.34222],[-72.20015,-39.34243],[-72.19992,-39.34243],[-72.19884,-39.34212],[-72.19852,-39.3421],[-72.19817,-39.34215]]}},{"type":"Feature","properties":{"nombre":"Camino Collico - Huincacara","jerarquia":5},"geometry":{"type":"LineString","coordinates":[[-72.19817,-39.34215],[-72.19567,-39.3426],[-72.1951,-39.34279],[-72.193,-39.34369]]}},{"type":"Feature","properties":{"nombre":"Camino Collico - Huincacara","jerarquia":5},"geometry":{"type":"LineString","coordinates":[[-72.193,-39.34369],[-72.1929,-39.34373]]}},{"type":"Feature","properties":{"nombre":"Camino Collico - Huincacara","jerarquia":5},"geometry":{"type":"LineString","coordinates":[[-72.1929,-39.34373],[-72.19202,-39.34411],[-72.19022,-39.34555],[-72.18958,-39.34582]]}},{"type":"Feature","properties":{"nombre":"Camino Collico - Huincacara","jerarquia":5},"geometry":{"type":"LineString","coordinates":[[-72.18958,-39.34582],[-72.18785,-39.3466],[-72.18711,-39.34686]]}},{"type":"Feature","properties":{"nombre":"Camino Collico - Huincacara","jerarquia":5},"geometry":{"type":"LineString","coordinates":[[-72.18711,-39.34686],[-72.18668,-39.34706],[-72.18601,-39.34765]]}},{"type":"Feature","properties":{"nombre":"Camino Collico - Huincacara","jerarquia":5},"geometry":{"type":"LineString","coordinates":[[-72.18601,-39.34765],[-72.18512,-39.34843],[-72.18364,-39.34935]]}},{"type":"Feature","properties":{"nombre":"Camino Collico - Huincacara","jerarquia":5},"geometry":{"type":"LineString","coordinates":[[-72.18364,-39.34935],[-72.18349,-39.34945]]}},{"type":"Feature","properties":{"nombre":"Camino Collico - Huincacara","jerarquia":5},"geometry":{"type":"LineString","coordinates":[[-72.18349,-39.34945],[-72.18331,-39.34956],[-72.18309,-39.3498],[-72.18269,-39.35163],[-72.18258,-39.35179],[-72.18209,-39.35216]]}},{"type":"Feature","properties":{"nombre":"Camino Collico - Huincacara","jerarquia":5},"geometry":{"type":"LineString","coordinates":[[-72.18209,-39.35216],[-72.18138,-39.35262],[-72.18082,-39.35287],[-72.18016,-39.35309],[-72.17877,-39.3532],[-72.17684,-39.35392],[-72.17419,-39.35459]]}},{"type":"Feature","properties":{"nombre":"Camino Collico - Huincacara","jerarquia":5},"geometry":{"type":"LineString","coordinates":[[-72.17419,-39.35459],[-72.17286,-39.35496],[-72.17212,-39.35528],[-72.17163,-39.35566],[-72.17139,-39.35578],[-72.17037,-39.35602],[-72.17011,-39.35614],[-72.16929,-39.3568],[-72.16872,-39.35718],[-72.16859,-39.35735],[-72.16851,-39.35785],[-72.16839,-39.35811],[-72.16735,-39.35914],[-72.16267,-39.36098]]}},{"type":"Feature","properties":{"nombre":"Camino Collico - Huincacara","jerarquia":5},"geometry":{"type":"LineString","coordinates":[[-72.16267,-39.36098],[-72.16153,-39.36148]]}},{"type":"Feature","properties":{"nombre":"Camino Llau Lllau - El Pirao","jerarquia":5},"geometry":{"type":"LineString","coordinates":[[-72.22383,-39.31498],[-72.2233,-39.31533]]}},{"type":"Feature","properties":{"nombre":"Camino Llau Lllau - El Pirao","jerarquia":5},"geometry":{"type":"LineString","coordinates":[[-72.2233,-39.31533],[-72.22186,-39.31633]]}},{"type":"Feature","properties":{"nombre":"Camino Llau Lllau - El Pirao","jerarquia":5},"geometry":{"type":"LineString","coordinates":[[-72.22186,-39.31633],[-72.2218,-39.31638]]}},{"type":"Feature","properties":{"nombre":"Camino Llau Lllau - El Pirao","jerarquia":5},"geometry":{"type":"LineString","coordinates":[[-72.2218,-39.31638],[-72.22095,-39.31698]]}},{"type":"Feature","properties":{"nombre":"Camino Llau Lllau - El Pirao","jerarquia":5},"geometry":{"type":"LineString","coordinates":[[-72.22095,-39.31698],[-72.22011,-39.31759]]}},{"type":"Feature","properties":{"nombre":"Camino Llau Lllau - El Pirao","jerarquia":5},"geometry":{"type":"LineString","coordinates":[[-72.22011,-39.31759],[-72.21961,-39.31795]]}},{"type":"Feature","properties":{"nombre":"Camino Llau Lllau - El Pirao","jerarquia":5},"geometry":{"type":"LineString","coordinates":[[-72.21961,-39.31795],[-72.21895,-39.31844]]}},{"type":"Feature","properties":{"nombre":"Camino Llau Lllau - El Pirao","jerarquia":5},"geometry":{"type":"LineString","coordinates":[[-72.21895,-39.31844],[-72.21788,-39.31923],[-72.21678,-39.32023]]}},{"type":"Feature","properties":{"nombre":"Camino Llau Lllau - El Pirao","jerarquia":5},"geometry":{"type":"LineString","coordinates":[[-72.21678,-39.32023],[-72.21639,-39.32058]]}},{"type":"Feature","properties":{"nombre":"Camino Llau Lllau - El Pirao","jerarquia":5},"geometry":{"type":"LineString","coordinates":[[-72.21639,-39.32058],[-72.21559,-39.32131],[-72.21521,-39.32178],[-72.21441,-39.32226],[-72.21349,-39.32313],[-72.21324,-39.32333],[-72.21295,-39.32348]]}},{"type":"Feature","properties":{"nombre":"Camino Llau Lllau - El Pirao","jerarquia":5},"geometry":{"type":"LineString","coordinates":[[-72.21295,-39.32348],[-72.21091,-39.32443],[-72.20862,-39.32637]]}},{"type":"Feature","properties":{"nombre":"Camino Llau Lllau - El Pirao","jerarquia":5},"geometry":{"type":"LineString","coordinates":[[-72.20862,-39.32637],[-72.20705,-39.32663],[-72.20654,-39.32686],[-72.20611,-39.32714],[-72.20564,-39.32755],[-72.20521,-39.3281],[-72.20489,-39.32839],[-72.20456,-39.32858],[-72.20342,-39.3291],[-72.2031,-39.3293]]}},{"type":"Feature","properties":{"nombre":"Camino Llau Lllau - El Pirao","jerarquia":5},"geometry":{"type":"LineString","coordinates":[[-72.2031,-39.3293],[-72.2029,-39.32947],[-72.20235,-39.33021],[-72.20213,-39.3304],[-72.20163,-39.33064],[-72.20121,-39.33068]]}},{"type":"Feature","properties":{"nombre":"Camino Llau Lllau - El Pirao","jerarquia":5},"geometry":{"type":"LineString","coordinates":[[-72.20121,-39.33068],[-72.20047,-39.33076]]}},{"type":"Feature","properties":{"nombre":"Camino Llau Lllau - El Pirao","jerarquia":5},"geometry":{"type":"LineString","coordinates":[[-72.20047,-39.33076],[-72.19783,-39.33107]]}},{"type":"Feature","properties":{"nombre":"Camino Llau Lllau - El Pirao","jerarquia":5},"geometry":{"type":"LineString","coordinates":[[-72.19783,-39.33107],[-72.19752,-39.33112]]}},{"type":"Feature","properties":{"nombre":"Camino Llau Lllau - El Pirao","jerarquia":5},"geometry":{"type":"LineString","coordinates":[[-72.19752,-39.33112],[-72.19627,-39.33132],[-72.1944,-39.33172]]}},{"type":"Feature","properties":{"nombre":"Camino Llau Lllau - El Pirao","jerarquia":5},"geometry":{"type":"LineString","coordinates":[[-72.1944,-39.33172],[-72.193,-39.33196]]}},{"type":"Feature","properties":{"nombre":"Camino Llau Lllau - El Pirao","jerarquia":5},"geometry":{"type":"LineString","coordinates":[[-72.193,-39.33196],[-72.19237,-39.33194]]}},{"type":"Feature","properties":{"nombre":"Camino Llau Lllau - El Pirao","jerarquia":5},"geometry":{"type":"LineString","coordinates":[[-72.19237,-39.33194],[-72.1909,-39.3318],[-72.19061,-39.33181]]}},{"type":"Feature","properties":{"nombre":"Camino Llau Lllau - El Pirao","jerarquia":5},"geometry":{"type":"LineString","coordinates":[[-72.19061,-39.33181],[-72.19045,-39.33182],[-72.18993,-39.33198],[-72.1867,-39.33336]]}},{"type":"Feature","properties":{"nombre":"Camino Llau Lllau - El Pirao","jerarquia":5},"geometry":{"type":"LineString","coordinates":[[-72.1867,-39.33336],[-72.18636,-39.33351]]}},{"type":"Feature","properties":{"nombre":"Camino Llau Lllau - El Pirao","jerarquia":5},"geometry":{"type":"LineString","coordinates":[[-72.18636,-39.33351],[-72.18444,-39.33429]]}},{"type":"Feature","properties":{"nombre":"Camino Llau Lllau - El Pirao","jerarquia":5},"geometry":{"type":"LineString","coordinates":[[-72.18444,-39.33429],[-72.18303,-39.33493],[-72.18136,-39.33606],[-72.17847,-39.33719],[-72.17754,-39.33751]]}},{"type":"Feature","properties":{"nombre":"Camino Llau Lllau - El Pirao","jerarquia":5},"geometry":{"type":"LineString","coordinates":[[-72.17754,-39.33751],[-72.17567,-39.3382]]}},{"type":"Feature","properties":{"nombre":"Camino Llau Lllau - El Pirao","jerarquia":5},"geometry":{"type":"LineString","coordinates":[[-72.17567,-39.3382],[-72.17236,-39.33942]]}},{"type":"Feature","properties":{"nombre":"Camino Llau Lllau - El Pirao","jerarquia":5},"geometry":{"type":"LineString","coordinates":[[-72.17236,-39.33942],[-72.16946,-39.34052],[-72.16892,-39.34067],[-72.16826,-39.34079],[-72.16655,-39.34098],[-72.16583,-39.341],[-72.16209,-39.34091]]}},{"type":"Feature","properties":{"nombre":"Camino Collico Sur - Tres Esquinas","jerarquia":5},"geometry":{"type":"LineString","coordinates":[[-72.26211,-39.37043],[-72.26703,-39.37093]]}},{"type":"Feature","properties":{"nombre":"Camino Collico Sur - Tres Esquinas","jerarquia":5},"geometry":{"type":"LineString","coordinates":[[-72.342,-39.34937],[-72.34553,-39.3471]]}},{"type":"Feature","properties":{"nombre":"Camino Collico Sur - Tres Esquinas","jerarquia":5},"geometry":{"type":"LineString","coordinates":[[-72.3015,-39.35942],[-72.31383,-39.35667],[-72.3187,-39.35567],[-72.32092,-39.35514]]}},{"type":"Feature","properties":{"nombre":"Camino Collico Sur - Tres Esquinas","jerarquia":5},"geometry":{"type":"LineString","coordinates":[[-72.32092,-39.35514],[-72.32725,-39.35363]]}},{"type":"Feature","properties":{"nombre":"Avenida Costanera","jerarquia":4},"geometry":{"type":"LineString","coordinates":[[-72.22197,-39.28269],[-72.22218,-39.28245]]}},{"type":"Feature","properties":{"nombre":"Aviador Acevedo","jerarquia":4},"geometry":{"type":"LineString","coordinates":[[-72.22183,-39.28394],[-72.22187,-39.28396]]}},{"type":"Feature","properties":{"nombre":"Aviador Acevedo","jerarquia":4},"geometry":{"type":"LineString","coordinates":[[-72.22187,-39.28396],[-72.22205,-39.28404]]}},{"type":"Feature","properties":{"nombre":"Aviador Acevedo","jerarquia":4},"geometry":{"type":"LineString","coordinates":[[-72.22205,-39.28404],[-72.2221,-39.28407]]}},{"type":"Feature","properties":{"nombre":"Aviador Acevedo","jerarquia":3},"geometry":{"type":"LineString","coordinates":[[-72.22399,-39.28572],[-72.2248,-39.28644]]}},{"type":"Feature","properties":{"nombre":"Aviador Acevedo","jerarquia":3},"geometry":{"type":"LineString","coordinates":[[-72.2248,-39.28644],[-72.22521,-39.2868]]}},{"type":"Feature","properties":{"nombre":"Camino Internacional Monseñor Francisco Valdés Subercaseaux","jerarquia":3},"geometry":{"type":"LineString","coordinates":[[-72.28549,-39.22507],[-72.28412,-39.22627]]}},{"type":"Feature","properties":{"nombre":"Camino Internacional Monseñor Francisco Valdés Subercaseaux","jerarquia":3},"geometry":{"type":"LineString","coordinates":[[-72.28412,-39.22627],[-72.28012,-39.22957]]}},{"type":"Feature","properties":{"nombre":"Camino Internacional Monseñor Francisco Valdés Subercaseaux","jerarquia":3},"geometry":{"type":"LineString","coordinates":[[-72.28012,-39.22957],[-72.27808,-39.23129]]}},{"type":"Feature","properties":{"nombre":"Camino Internacional Monseñor Francisco Valdés Subercaseaux","jerarquia":3},"geometry":{"type":"LineString","coordinates":[[-72.27808,-39.23129],[-72.27442,-39.23437]]}},{"type":"Feature","properties":{"nombre":"Camino Internacional Monseñor Francisco Valdés Subercaseaux","jerarquia":3},"geometry":{"type":"LineString","coordinates":[[-72.27442,-39.23437],[-72.27237,-39.23609]]}},{"type":"Feature","properties":{"nombre":"Camino Internacional Monseñor Francisco Valdés Subercaseaux","jerarquia":3},"geometry":{"type":"LineString","coordinates":[[-72.27237,-39.23609],[-72.2712,-39.23707]]}},{"type":"Feature","properties":{"nombre":"Camino Internacional Monseñor Francisco Valdés Subercaseaux","jerarquia":3},"geometry":{"type":"LineString","coordinates":[[-72.2712,-39.23707],[-72.27095,-39.23728]]}},{"type":"Feature","properties":{"nombre":"Camino Internacional Monseñor Francisco Valdés Subercaseaux","jerarquia":3},"geometry":{"type":"LineString","coordinates":[[-72.27095,-39.23728],[-72.27002,-39.23809],[-72.26896,-39.23883],[-72.26528,-39.24086]]}},{"type":"Feature","properties":{"nombre":"Camino Internacional Monseñor Francisco Valdés Subercaseaux","jerarquia":3},"geometry":{"type":"LineString","coordinates":[[-72.26528,-39.24086],[-72.26396,-39.2416]]}},{"type":"Feature","properties":{"nombre":"Camino Internacional Monseñor Francisco Valdés Subercaseaux","jerarquia":3},"geometry":{"type":"LineString","coordinates":[[-72.26396,-39.2416],[-72.26236,-39.24249]]}},{"type":"Feature","properties":{"nombre":"Camino Internacional Monseñor Francisco Valdés Subercaseaux","jerarquia":3},"geometry":{"type":"LineString","coordinates":[[-72.26236,-39.24249],[-72.26008,-39.24375],[-72.25893,-39.24432],[-72.25755,-39.24483],[-72.24497,-39.24793]]}},{"type":"Feature","properties":{"nombre":"Camino Internacional Monseñor Francisco Valdés Subercaseaux","jerarquia":3},"geometry":{"type":"LineString","coordinates":[[-72.24497,-39.24793],[-72.24148,-39.24879]]}},{"type":"Feature","properties":{"nombre":"Camino Internacional Monseñor Francisco Valdés Subercaseaux","jerarquia":3},"geometry":{"type":"LineString","coordinates":[[-72.24148,-39.24879],[-72.24101,-39.24891]]}},{"type":"Feature","properties":{"nombre":"Camino Internacional Monseñor Francisco Valdés Subercaseaux","jerarquia":3},"geometry":{"type":"LineString","coordinates":[[-72.24101,-39.24891],[-72.23777,-39.24975],[-72.23666,-39.25019]]}},{"type":"Feature","properties":{"nombre":"Camino Internacional Monseñor Francisco Valdés Subercaseaux","jerarquia":3},"geometry":{"type":"LineString","coordinates":[[-72.23666,-39.25019],[-72.23589,-39.25065],[-72.23522,-39.25122],[-72.23466,-39.2519],[-72.23427,-39.25263]]}},{"type":"Feature","properties":{"nombre":"Camino Internacional Monseñor Francisco Valdés Subercaseaux","jerarquia":3},"geometry":{"type":"LineString","coordinates":[[-72.23427,-39.25263],[-72.23351,-39.25407]]}},{"type":"Feature","properties":{"nombre":"Camino Internacional Monseñor Francisco Valdés Subercaseaux","jerarquia":3},"geometry":{"type":"LineString","coordinates":[[-72.23351,-39.25407],[-72.23239,-39.25619]]}},{"type":"Feature","properties":{"nombre":"Camino Internacional Monseñor Francisco Valdés Subercaseaux","jerarquia":3},"geometry":{"type":"LineString","coordinates":[[-72.23239,-39.25619],[-72.23024,-39.2604],[-72.22999,-39.26118]]}},{"type":"Feature","properties":{"nombre":"Camino Internacional Monseñor Francisco Valdés Subercaseaux","jerarquia":3},"geometry":{"type":"LineString","coordinates":[[-72.22999,-39.26118],[-72.2297,-39.26231],[-72.22957,-39.26299],[-72.22949,-39.26391],[-72.2295,-39.26455],[-72.22952,-39.26488],[-72.23054,-39.27129]]}},{"type":"Feature","properties":{"nombre":"Avenida José Miguel Carrera","jerarquia":3},"geometry":{"type":"LineString","coordinates":[[-72.22932,-39.27455],[-72.22948,-39.27562]]}},{"type":"Feature","properties":{"nombre":"Avenida José Miguel Carrera","jerarquia":3},"geometry":{"type":"LineString","coordinates":[[-72.23094,-39.27701],[-72.23149,-39.27749]]}},{"type":"Feature","properties":{"nombre":"Avenida José Miguel Carrera","jerarquia":3},"geometry":{"type":"LineString","coordinates":[[-72.23149,-39.27749],[-72.23242,-39.27831]]}},{"type":"Feature","properties":{"nombre":"Avenida José Miguel Carrera","jerarquia":3},"geometry":{"type":"LineString","coordinates":[[-72.23242,-39.27831],[-72.23256,-39.27843]]}},{"type":"Feature","properties":{"nombre":"Avenida José Miguel Carrera","jerarquia":3},"geometry":{"type":"LineString","coordinates":[[-72.23256,-39.27843],[-72.23296,-39.27879]]}},{"type":"Feature","properties":{"nombre":"Avenida José Miguel Carrera","jerarquia":3},"geometry":{"type":"LineString","coordinates":[[-72.23296,-39.27879],[-72.23327,-39.27905]]}},{"type":"Feature","properties":{"nombre":"Avenida José Miguel Carrera","jerarquia":3},"geometry":{"type":"LineString","coordinates":[[-72.23327,-39.27905],[-72.23335,-39.27913]]}},{"type":"Feature","properties":{"nombre":"Avenida José Miguel Carrera","jerarquia":3},"geometry":{"type":"LineString","coordinates":[[-72.23335,-39.27913],[-72.23345,-39.27921]]}},{"type":"Feature","properties":{"nombre":"Avenida Costanera","jerarquia":4},"geometry":{"type":"LineString","coordinates":[[-72.21988,-39.28858],[-72.21985,-39.2881],[-72.21988,-39.28792],[-72.22022,-39.28739]]}},{"type":"Feature","properties":{"nombre":"Saturnino Epulef","jerarquia":3},"geometry":{"type":"LineString","coordinates":[[-72.21858,-39.2934],[-72.21985,-39.29248]]}},{"type":"Feature","properties":{"nombre":"Colo Colo","jerarquia":4},"geometry":{"type":"LineString","coordinates":[[-72.2283,-39.29541],[-72.22822,-39.2952]]}},{"type":"Feature","properties":{"nombre":"Colo Colo","jerarquia":4},"geometry":{"type":"LineString","coordinates":[[-72.22822,-39.2952],[-72.22797,-39.29477],[-72.22767,-39.29444]]}},{"type":"Feature","properties":{"nombre":"Colo Colo","jerarquia":4},"geometry":{"type":"LineString","coordinates":[[-72.22767,-39.29444],[-72.22722,-39.2941]]}},{"type":"Feature","properties":{"nombre":"Colo Colo","jerarquia":4},"geometry":{"type":"LineString","coordinates":[[-72.22722,-39.2941],[-72.22696,-39.29385]]}},{"type":"Feature","properties":{"nombre":"Colo Colo","jerarquia":4},"geometry":{"type":"LineString","coordinates":[[-72.22696,-39.29385],[-72.22664,-39.29355]]}},{"type":"Feature","properties":{"nombre":"Colo Colo","jerarquia":4},"geometry":{"type":"LineString","coordinates":[[-72.22664,-39.29355],[-72.22662,-39.29349]]}},{"type":"Feature","properties":{"nombre":"Gaspar Marín","jerarquia":5},"geometry":{"type":"LineString","coordinates":[[-72.23498,-39.29313],[-72.2349,-39.29236],[-72.23558,-39.29134]]}},{"type":"Feature","properties":{"nombre":"Gaspar Marín","jerarquia":5},"geometry":{"type":"LineString","coordinates":[[-72.23558,-39.29134],[-72.2361,-39.29056]]}},{"type":"Feature","properties":{"nombre":"Gaspar Marín","jerarquia":5},"geometry":{"type":"LineString","coordinates":[[-72.2361,-39.29056],[-72.23656,-39.28984]]}},{"type":"Feature","properties":{"nombre":"Gerónimo de Alderete","jerarquia":4},"geometry":{"type":"LineString","coordinates":[[-72.2282,-39.28282],[-72.22835,-39.28288],[-72.22908,-39.28351]]}},{"type":"Feature","properties":{"nombre":"Gerónimo de Alderete","jerarquia":4},"geometry":{"type":"LineString","coordinates":[[-72.22908,-39.28351],[-72.22988,-39.28421]]}},{"type":"Feature","properties":{"nombre":"Gerónimo de Alderete","jerarquia":4},"geometry":{"type":"LineString","coordinates":[[-72.22988,-39.28421],[-72.23065,-39.28488]]}},{"type":"Feature","properties":{"nombre":"Gerónimo de Alderete","jerarquia":4},"geometry":{"type":"LineString","coordinates":[[-72.23065,-39.28488],[-72.23071,-39.28494]]}},{"type":"Feature","properties":{"nombre":"Pedro Montt","jerarquia":4},"geometry":{"type":"LineString","coordinates":[[-72.22612,-39.28266],[-72.2252,-39.28185]]}},{"type":"Feature","properties":{"nombre":"Gerónimo de Alderete","jerarquia":4},"geometry":{"type":"LineString","coordinates":[[-72.23062,-39.28501],[-72.2298,-39.28427]]}},{"type":"Feature","properties":{"nombre":"Gerónimo de Alderete","jerarquia":4},"geometry":{"type":"LineString","coordinates":[[-72.2298,-39.28427],[-72.22899,-39.28357]]}},{"type":"Feature","properties":{"nombre":"Gerónimo de Alderete","jerarquia":4},"geometry":{"type":"LineString","coordinates":[[-72.22899,-39.28357],[-72.22825,-39.28291]]}},{"type":"Feature","properties":{"nombre":"Gerónimo de Alderete","jerarquia":4},"geometry":{"type":"LineString","coordinates":[[-72.22825,-39.28291],[-72.2282,-39.28282]]}},{"type":"Feature","properties":{"nombre":"Avenida Pedro de Valdivia","jerarquia":3},"geometry":{"type":"LineString","coordinates":[[-72.23983,-39.27388],[-72.24006,-39.2736]]}},{"type":"Feature","properties":{"nombre":"Manuel Antonio Matta","jerarquia":5},"geometry":{"type":"LineString","coordinates":[[-72.23424,-39.28475],[-72.23414,-39.28466]]}},{"type":"Feature","properties":{"nombre":"Manuel Antonio Matta","jerarquia":5},"geometry":{"type":"LineString","coordinates":[[-72.23414,-39.28466],[-72.23376,-39.28433]]}},{"type":"Feature","properties":{"nombre":"Manuel Antonio Matta","jerarquia":5},"geometry":{"type":"LineString","coordinates":[[-72.23376,-39.28433],[-72.23325,-39.28388]]}},{"type":"Feature","properties":{"nombre":"Manuel Antonio Matta","jerarquia":5},"geometry":{"type":"LineString","coordinates":[[-72.23325,-39.28388],[-72.23284,-39.28353]]}},{"type":"Feature","properties":{"nombre":"Colo Colo","jerarquia":5},"geometry":{"type":"LineString","coordinates":[[-72.22154,-39.28747],[-72.22152,-39.28746]]}},{"type":"Feature","properties":{"nombre":"Colo Colo","jerarquia":5},"geometry":{"type":"LineString","coordinates":[[-72.22152,-39.28746],[-72.22144,-39.28739]]}},{"type":"Feature","properties":{"nombre":"Colo Colo","jerarquia":5},"geometry":{"type":"LineString","coordinates":[[-72.22144,-39.28739],[-72.22142,-39.28737]]}},{"type":"Feature","properties":{"nombre":"Avenida José Miguel Carrera","jerarquia":4},"geometry":{"type":"LineString","coordinates":[[-72.23543,-39.28096],[-72.23514,-39.2807]]}},{"type":"Feature","properties":{"nombre":"Avenida José Miguel Carrera","jerarquia":4},"geometry":{"type":"LineString","coordinates":[[-72.23514,-39.2807],[-72.23475,-39.28036]]}},{"type":"Feature","properties":{"nombre":"Avenida José Miguel Carrera","jerarquia":4},"geometry":{"type":"LineString","coordinates":[[-72.23475,-39.28036],[-72.23446,-39.28011]]}},{"type":"Feature","properties":{"nombre":"Avenida José Miguel Carrera","jerarquia":4},"geometry":{"type":"LineString","coordinates":[[-72.23446,-39.28011],[-72.23416,-39.27984]]}},{"type":"Feature","properties":{"nombre":"Avenida José Miguel Carrera","jerarquia":4},"geometry":{"type":"LineString","coordinates":[[-72.23416,-39.27984],[-72.23354,-39.27929]]}},{"type":"Feature","properties":{"nombre":"Avenida José Miguel Carrera","jerarquia":4},"geometry":{"type":"LineString","coordinates":[[-72.23354,-39.27929],[-72.23345,-39.27921]]}},{"type":"Feature","properties":{"nombre":"Ruta S-91","jerarquia":3},"geometry":{"type":"LineString","coordinates":[[-72.36066,-39.26599],[-72.3566,-39.26569]]}},{"type":"Feature","properties":{"nombre":"Ruta S-91","jerarquia":3},"geometry":{"type":"LineString","coordinates":[[-72.3566,-39.26569],[-72.35285,-39.26544],[-72.35227,-39.26548],[-72.35143,-39.2657],[-72.34895,-39.26663],[-72.34775,-39.26716],[-72.34089,-39.27078],[-72.33822,-39.27205]]}},{"type":"Feature","properties":{"nombre":"Ruta S-91","jerarquia":3},"geometry":{"type":"LineString","coordinates":[[-72.33822,-39.27205],[-72.33476,-39.27364]]}},{"type":"Feature","properties":{"nombre":"Ruta S-91","jerarquia":3},"geometry":{"type":"LineString","coordinates":[[-72.33476,-39.27364],[-72.33269,-39.2746],[-72.33186,-39.27504],[-72.33108,-39.27554],[-72.32971,-39.27658]]}},{"type":"Feature","properties":{"nombre":"Ruta S-91","jerarquia":3},"geometry":{"type":"LineString","coordinates":[[-72.32971,-39.27658],[-72.32895,-39.27714]]}},{"type":"Feature","properties":{"nombre":"Ruta S-91","jerarquia":3},"geometry":{"type":"LineString","coordinates":[[-72.32895,-39.27714],[-72.32882,-39.27723]]}},{"type":"Feature","properties":{"nombre":"Ruta S-91","jerarquia":3},"geometry":{"type":"LineString","coordinates":[[-72.32882,-39.27723],[-72.32576,-39.27946],[-72.32541,-39.27962],[-72.32494,-39.27975],[-72.32449,-39.27981],[-72.32412,-39.27979]]}},{"type":"Feature","properties":{"nombre":"Ruta S-91","jerarquia":3},"geometry":{"type":"LineString","coordinates":[[-72.32412,-39.27979],[-72.3239,-39.27977]]}},{"type":"Feature","properties":{"nombre":"Ruta S-91","jerarquia":3},"geometry":{"type":"LineString","coordinates":[[-72.3239,-39.27977],[-72.32062,-39.27931],[-72.31668,-39.27906]]}},{"type":"Feature","properties":{"nombre":"Ruta S-91","jerarquia":3},"geometry":{"type":"LineString","coordinates":[[-72.31668,-39.27906],[-72.31453,-39.27937]]}},{"type":"Feature","properties":{"nombre":"Ruta S-91","jerarquia":3},"geometry":{"type":"LineString","coordinates":[[-72.31453,-39.27937],[-72.3142,-39.27943]]}},{"type":"Feature","properties":{"nombre":"Ruta S-91","jerarquia":3},"geometry":{"type":"LineString","coordinates":[[-72.3142,-39.27943],[-72.31219,-39.27972]]}},{"type":"Feature","properties":{"nombre":"Ruta S-91","jerarquia":3},"geometry":{"type":"LineString","coordinates":[[-72.31219,-39.27972],[-72.31154,-39.27982]]}},{"type":"Feature","properties":{"nombre":"Camino Putué Bajo - Rinconada","jerarquia":5},"geometry":{"type":"LineString","coordinates":[[-72.31248,-39.24535],[-72.31213,-39.24532]]}},{"type":"Feature","properties":{"nombre":"Camino Putué Bajo - Rinconada","jerarquia":5},"geometry":{"type":"LineString","coordinates":[[-72.31655,-39.24421],[-72.31381,-39.24525],[-72.31326,-39.24536],[-72.31248,-39.24535]]}},{"type":"Feature","properties":{"nombre":"Núñez de Pineda","jerarquia":5},"geometry":{"type":"LineString","coordinates":[[-72.23849,-39.27962],[-72.23759,-39.27881]]}},{"type":"Feature","properties":{"nombre":"Núñez de Pineda","jerarquia":5},"geometry":{"type":"LineString","coordinates":[[-72.23759,-39.27881],[-72.23705,-39.27832]]}},{"type":"Feature","properties":{"nombre":"Núñez de Pineda","jerarquia":5},"geometry":{"type":"LineString","coordinates":[[-72.23705,-39.27832],[-72.23673,-39.27804]]}},{"type":"Feature","properties":{"nombre":"Núñez de Pineda","jerarquia":5},"geometry":{"type":"LineString","coordinates":[[-72.23673,-39.27804],[-72.23637,-39.27772]]}},{"type":"Feature","properties":{"nombre":"Núñez de Pineda","jerarquia":5},"geometry":{"type":"LineString","coordinates":[[-72.23637,-39.27772],[-72.23609,-39.27747]]}},{"type":"Feature","properties":{"nombre":"Núñez de Pineda","jerarquia":5},"geometry":{"type":"LineString","coordinates":[[-72.23609,-39.27747],[-72.23604,-39.27742]]}},{"type":"Feature","properties":{"nombre":"Avenida Pedro de Valdivia","jerarquia":5},"geometry":{"type":"LineString","coordinates":[[-72.22187,-39.2871],[-72.2224,-39.28674]]}},{"type":"Feature","properties":{"nombre":"Avenida Pedro de Valdivia","jerarquia":5},"geometry":{"type":"LineString","coordinates":[[-72.2224,-39.28674],[-72.22287,-39.28643]]}},{"type":"Feature","properties":{"nombre":"Avenida Pedro de Valdivia","jerarquia":5},"geometry":{"type":"LineString","coordinates":[[-72.22287,-39.28643],[-72.22352,-39.286]]}},{"type":"Feature","properties":{"nombre":"Avenida Pedro de Valdivia","jerarquia":5},"geometry":{"type":"LineString","coordinates":[[-72.22352,-39.286],[-72.22362,-39.28594]]}},{"type":"Feature","properties":{"nombre":"Saturnino Epulef","jerarquia":3},"geometry":{"type":"LineString","coordinates":[[-72.21596,-39.29451],[-72.21557,-39.29458],[-72.21468,-39.29457]]}},{"type":"Feature","properties":{"nombre":"Segunda Faja","jerarquia":4},"geometry":{"type":"LineString","coordinates":[[-72.21441,-39.30651],[-72.21401,-39.30661]]}},{"type":"Feature","properties":{"nombre":"Segunda Faja","jerarquia":4},"geometry":{"type":"LineString","coordinates":[[-72.21401,-39.30661],[-72.21359,-39.30671]]}},{"type":"Feature","properties":{"nombre":"Segunda Faja","jerarquia":4},"geometry":{"type":"LineString","coordinates":[[-72.21359,-39.30671],[-72.21317,-39.30681]]}},{"type":"Feature","properties":{"nombre":"Segunda Faja","jerarquia":4},"geometry":{"type":"LineString","coordinates":[[-72.21317,-39.30681],[-72.21272,-39.30692]]}},{"type":"Feature","properties":{"nombre":"Segunda Faja","jerarquia":4},"geometry":{"type":"LineString","coordinates":[[-72.21272,-39.30692],[-72.2123,-39.30702]]}},{"type":"Feature","properties":{"nombre":"Segunda Faja","jerarquia":4},"geometry":{"type":"LineString","coordinates":[[-72.2123,-39.30702],[-72.21187,-39.30713]]}},{"type":"Feature","properties":{"nombre":"Segunda Faja","jerarquia":4},"geometry":{"type":"LineString","coordinates":[[-72.21187,-39.30713],[-72.21146,-39.30723]]}},{"type":"Feature","properties":{"nombre":"Segunda Faja","jerarquia":4},"geometry":{"type":"LineString","coordinates":[[-72.21146,-39.30723],[-72.21103,-39.30733]]}},{"type":"Feature","properties":{"nombre":"Segunda Faja","jerarquia":4},"geometry":{"type":"LineString","coordinates":[[-72.21103,-39.30733],[-72.21056,-39.30744]]}},{"type":"Feature","properties":{"nombre":"Segunda Faja","jerarquia":4},"geometry":{"type":"LineString","coordinates":[[-72.21056,-39.30744],[-72.21015,-39.30755]]}},{"type":"Feature","properties":{"nombre":"Segunda Faja","jerarquia":4},"geometry":{"type":"LineString","coordinates":[[-72.21015,-39.30755],[-72.20972,-39.30765]]}},{"type":"Feature","properties":{"nombre":"Segunda Faja","jerarquia":4},"geometry":{"type":"LineString","coordinates":[[-72.20972,-39.30765],[-72.20954,-39.30769]]}},{"type":"Feature","properties":{"nombre":"Segunda Faja","jerarquia":4},"geometry":{"type":"LineString","coordinates":[[-72.20954,-39.30769],[-72.2093,-39.30775]]}},{"type":"Feature","properties":{"nombre":"Segunda Faja","jerarquia":4},"geometry":{"type":"LineString","coordinates":[[-72.2093,-39.30775],[-72.20889,-39.30785]]}},{"type":"Feature","properties":{"nombre":"Segunda Faja","jerarquia":4},"geometry":{"type":"LineString","coordinates":[[-72.20889,-39.30785],[-72.20845,-39.30796]]}},{"type":"Feature","properties":{"nombre":"Segunda Faja","jerarquia":4},"geometry":{"type":"LineString","coordinates":[[-72.20845,-39.30796],[-72.20803,-39.30806]]}},{"type":"Feature","properties":{"nombre":"San Francisco","jerarquia":5},"geometry":{"type":"LineString","coordinates":[[-72.23482,-39.29879],[-72.23485,-39.2989],[-72.23483,-39.29895]]}},{"type":"Feature","properties":{"nombre":"San Francisco","jerarquia":5},"geometry":{"type":"LineString","coordinates":[[-72.23483,-39.29895],[-72.23467,-39.29901]]}},{"type":"Feature","properties":{"nombre":"San Francisco","jerarquia":5},"geometry":{"type":"LineString","coordinates":[[-72.23227,-39.29978],[-72.23304,-39.29944],[-72.23407,-39.29921],[-72.23452,-39.29896]]}},{"type":"Feature","properties":{"nombre":"San Francisco","jerarquia":5},"geometry":{"type":"LineString","coordinates":[[-72.23461,-39.29901],[-72.23414,-39.29925],[-72.23301,-39.2995],[-72.2324,-39.29978]]}},{"type":"Feature","properties":{"nombre":"San Francisco","jerarquia":5},"geometry":{"type":"LineString","coordinates":[[-72.2324,-39.29978],[-72.23231,-39.29983]]}},{"type":"Feature","properties":{"nombre":"Gaspar Marín","jerarquia":5},"geometry":{"type":"LineString","coordinates":[[-72.23498,-39.29313],[-72.23504,-39.29341]]}},{"type":"Feature","properties":{"nombre":"Gaspar Marín","jerarquia":5},"geometry":{"type":"LineString","coordinates":[[-72.23504,-39.29341],[-72.23502,-39.29377]]}},{"type":"Feature","properties":{"nombre":"Gaspar Marín","jerarquia":5},"geometry":{"type":"LineString","coordinates":[[-72.23502,-39.29377],[-72.23492,-39.29417]]}},{"type":"Feature","properties":{"nombre":"Gaspar Marín","jerarquia":5},"geometry":{"type":"LineString","coordinates":[[-72.23492,-39.29417],[-72.23474,-39.29498]]}},{"type":"Feature","properties":{"nombre":"","jerarquia":3},"geometry":{"type":"LineString","coordinates":[[-72.23983,-39.27388],[-72.23981,-39.27384]]}},{"type":"Feature","properties":{"nombre":"","jerarquia":3},"geometry":{"type":"LineString","coordinates":[[-72.23981,-39.27384],[-72.23975,-39.27377]]}},{"type":"Feature","properties":{"nombre":"","jerarquia":3},"geometry":{"type":"LineString","coordinates":[[-72.23975,-39.27377],[-72.23972,-39.27376]]}},{"type":"Feature","properties":{"nombre":"","jerarquia":3},"geometry":{"type":"LineString","coordinates":[[-72.15915,-39.2976],[-72.15884,-39.29764]]}},{"type":"Feature","properties":{"nombre":"Ruta S-95-T","jerarquia":3},"geometry":{"type":"LineString","coordinates":[[-72.23255,-39.31073],[-72.23149,-39.31262]]}},{"type":"Feature","properties":{"nombre":"Ruta S-95-T","jerarquia":3},"geometry":{"type":"LineString","coordinates":[[-72.23149,-39.31262],[-72.23145,-39.3127]]}},{"type":"Feature","properties":{"nombre":"Segunda Faja","jerarquia":4},"geometry":{"type":"LineString","coordinates":[[-72.21922,-39.30518],[-72.21981,-39.30503]]}},{"type":"Feature","properties":{"nombre":"Segunda Faja","jerarquia":4},"geometry":{"type":"LineString","coordinates":[[-72.21981,-39.30503],[-72.22189,-39.30452]]}},{"type":"Feature","properties":{"nombre":"Saturnino Epulef","jerarquia":3},"geometry":{"type":"LineString","coordinates":[[-72.20473,-39.29372],[-72.20206,-39.29406]]}},{"type":"Feature","properties":{"nombre":"Saturnino Epulef","jerarquia":3},"geometry":{"type":"LineString","coordinates":[[-72.20206,-39.29406],[-72.19861,-39.29437]]}},{"type":"Feature","properties":{"nombre":"Saturnino Epulef","jerarquia":3},"geometry":{"type":"LineString","coordinates":[[-72.20473,-39.29372],[-72.20588,-39.29358]]}},{"type":"Feature","properties":{"nombre":"Saturnino Epulef","jerarquia":3},"geometry":{"type":"LineString","coordinates":[[-72.20588,-39.29358],[-72.20701,-39.29365],[-72.20984,-39.2943]]}},{"type":"Feature","properties":{"nombre":"Saturnino Epulef","jerarquia":3},"geometry":{"type":"LineString","coordinates":[[-72.19861,-39.29437],[-72.2017,-39.29403]]}},{"type":"Feature","properties":{"nombre":"Saturnino Epulef","jerarquia":3},"geometry":{"type":"LineString","coordinates":[[-72.2017,-39.29403],[-72.20205,-39.294]]}},{"type":"Feature","properties":{"nombre":"Saturnino Epulef","jerarquia":3},"geometry":{"type":"LineString","coordinates":[[-72.20205,-39.294],[-72.20255,-39.29395]]}},{"type":"Feature","properties":{"nombre":"Saturnino Epulef","jerarquia":3},"geometry":{"type":"LineString","coordinates":[[-72.20255,-39.29395],[-72.20473,-39.29372]]}},{"type":"Feature","properties":{"nombre":"","jerarquia":3},"geometry":{"type":"LineString","coordinates":[[-72.2017,-39.29403],[-72.20188,-39.29393],[-72.20197,-39.2938]]}},{"type":"Feature","properties":{"nombre":"","jerarquia":3},"geometry":{"type":"LineString","coordinates":[[-72.20203,-39.2938],[-72.20226,-39.29392],[-72.20255,-39.29395]]}},{"type":"Feature","properties":{"nombre":"Cruce La Puntilla","jerarquia":5},"geometry":{"type":"LineString","coordinates":[[-72.20205,-39.294],[-72.20206,-39.29406]]}},{"type":"Feature","properties":{"nombre":"Saturnino Epulef","jerarquia":3},"geometry":{"type":"LineString","coordinates":[[-72.20984,-39.2943],[-72.21057,-39.29443],[-72.21128,-39.29449]]}},{"type":"Feature","properties":{"nombre":"Avenida Costanera","jerarquia":4},"geometry":{"type":"LineString","coordinates":[[-72.21487,-39.29191],[-72.21446,-39.29222]]}},{"type":"Feature","properties":{"nombre":"","jerarquia":3},"geometry":{"type":"LineString","coordinates":[[-72.21271,-39.29449],[-72.21292,-39.29441],[-72.21308,-39.29428]]}},{"type":"Feature","properties":{"nombre":"","jerarquia":3},"geometry":{"type":"LineString","coordinates":[[-72.21308,-39.29428],[-72.21315,-39.29418]]}},{"type":"Feature","properties":{"nombre":"Avenida Costanera","jerarquia":4},"geometry":{"type":"LineString","coordinates":[[-72.21317,-39.29456],[-72.21317,-39.29452]]}},{"type":"Feature","properties":{"nombre":"Avenida Costanera","jerarquia":4},"geometry":{"type":"LineString","coordinates":[[-72.21317,-39.29452],[-72.21317,-39.29451]]}},{"type":"Feature","properties":{"nombre":"Avenida Costanera","jerarquia":4},"geometry":{"type":"LineString","coordinates":[[-72.21317,-39.29451],[-72.21317,-39.29448]]}},{"type":"Feature","properties":{"nombre":"","jerarquia":3},"geometry":{"type":"LineString","coordinates":[[-72.21315,-39.29418],[-72.21326,-39.29435],[-72.21342,-39.29444]]}},{"type":"Feature","properties":{"nombre":"","jerarquia":3},"geometry":{"type":"LineString","coordinates":[[-72.21342,-39.29444],[-72.2136,-39.29449]]}},{"type":"Feature","properties":{"nombre":"","jerarquia":4},"geometry":{"type":"LineString","coordinates":[[-72.21422,-39.29239],[-72.21407,-39.29242],[-72.21392,-39.29232]]}},{"type":"Feature","properties":{"nombre":"","jerarquia":4},"geometry":{"type":"LineString","coordinates":[[-72.21392,-39.29232],[-72.21392,-39.29226]]}},{"type":"Feature","properties":{"nombre":"Ruta S-65","jerarquia":4},"geometry":{"type":"LineString","coordinates":[[-72.31942,-39.24326],[-72.31925,-39.24353],[-72.31899,-39.24369],[-72.31737,-39.24401],[-72.31692,-39.24418]]}},{"type":"Feature","properties":{"nombre":"Ruta S-65","jerarquia":4},"geometry":{"type":"LineString","coordinates":[[-72.31692,-39.24418],[-72.31669,-39.24441],[-72.3149,-39.24722]]}},{"type":"Feature","properties":{"nombre":"Ruta S-65","jerarquia":4},"geometry":{"type":"LineString","coordinates":[[-72.3149,-39.24722],[-72.31107,-39.25324],[-72.31087,-39.25361],[-72.31072,-39.25401]]}},{"type":"Feature","properties":{"nombre":"Ruta S-65","jerarquia":4},"geometry":{"type":"LineString","coordinates":[[-72.31072,-39.25401],[-72.31019,-39.25715]]}},{"type":"Feature","properties":{"nombre":"Ruta S-65","jerarquia":4},"geometry":{"type":"LineString","coordinates":[[-72.31019,-39.25715],[-72.30871,-39.26628]]}},{"type":"Feature","properties":{"nombre":"Ruta S-65","jerarquia":4},"geometry":{"type":"LineString","coordinates":[[-72.30871,-39.26628],[-72.30868,-39.26649]]}},{"type":"Feature","properties":{"nombre":"Colo Colo","jerarquia":3},"geometry":{"type":"LineString","coordinates":[[-72.23007,-39.29781],[-72.23058,-39.29809],[-72.23117,-39.29853],[-72.23221,-39.2997]]}},{"type":"Feature","properties":{"nombre":"Colo Colo","jerarquia":3},"geometry":{"type":"LineString","coordinates":[[-72.23221,-39.2997],[-72.23227,-39.29978]]}},{"type":"Feature","properties":{"nombre":"Colo Colo","jerarquia":3},"geometry":{"type":"LineString","coordinates":[[-72.23227,-39.29978],[-72.23231,-39.29983]]}},{"type":"Feature","properties":{"nombre":"Colo Colo","jerarquia":3},"geometry":{"type":"LineString","coordinates":[[-72.23231,-39.29983],[-72.23237,-39.2999]]}},{"type":"Feature","properties":{"nombre":"Colo Colo","jerarquia":3},"geometry":{"type":"LineString","coordinates":[[-72.23237,-39.2999],[-72.23296,-39.30065]]}},{"type":"Feature","properties":{"nombre":"Colo Colo","jerarquia":3},"geometry":{"type":"LineString","coordinates":[[-72.23296,-39.30065],[-72.23337,-39.30119]]}},{"type":"Feature","properties":{"nombre":"Avenida Presidente Juan Antonio Ríos","jerarquia":5},"geometry":{"type":"LineString","coordinates":[[-72.23355,-39.28579],[-72.23455,-39.28501]]}},{"type":"Feature","properties":{"nombre":"Ruta S-95-T","jerarquia":3},"geometry":{"type":"LineString","coordinates":[[-72.22112,-39.33315],[-72.22074,-39.33406]]}},{"type":"Feature","properties":{"nombre":"Ruta S-95-T","jerarquia":3},"geometry":{"type":"LineString","coordinates":[[-72.22074,-39.33406],[-72.22071,-39.33432],[-72.22088,-39.33507]]}},{"type":"Feature","properties":{"nombre":"Ruta S-95-T","jerarquia":3},"geometry":{"type":"LineString","coordinates":[[-72.22088,-39.33507],[-72.2212,-39.33624]]}},{"type":"Feature","properties":{"nombre":"Ruta S-95-T","jerarquia":3},"geometry":{"type":"LineString","coordinates":[[-72.2212,-39.33624],[-72.22133,-39.33675]]}},{"type":"Feature","properties":{"nombre":"Ruta S-91","jerarquia":3},"geometry":{"type":"LineString","coordinates":[[-72.30742,-39.27953],[-72.30714,-39.27945]]}},{"type":"Feature","properties":{"nombre":"Anfión Muñoz","jerarquia":5},"geometry":{"type":"LineString","coordinates":[[-72.22919,-39.28202],[-72.22927,-39.28209]]}},{"type":"Feature","properties":{"nombre":"Anfión Muñoz","jerarquia":5},"geometry":{"type":"LineString","coordinates":[[-72.22927,-39.28209],[-72.2301,-39.2828]]}},{"type":"Feature","properties":{"nombre":"Anfión Muñoz","jerarquia":5},"geometry":{"type":"LineString","coordinates":[[-72.2301,-39.2828],[-72.23091,-39.28351]]}},{"type":"Feature","properties":{"nombre":"Anfión Muñoz","jerarquia":5},"geometry":{"type":"LineString","coordinates":[[-72.23091,-39.28351],[-72.23168,-39.28417]]}},{"type":"Feature","properties":{"nombre":"Anfión Muñoz","jerarquia":5},"geometry":{"type":"LineString","coordinates":[[-72.23168,-39.28417],[-72.23177,-39.28425]]}},{"type":"Feature","properties":{"nombre":"Camino Pinchafil","jerarquia":5},"geometry":{"type":"LineString","coordinates":[[-72.36008,-39.36872],[-72.3519,-39.37165],[-72.34921,-39.37275]]}},{"type":"Feature","properties":{"nombre":"Camino Pinchafil","jerarquia":5},"geometry":{"type":"LineString","coordinates":[[-72.34921,-39.37275],[-72.34674,-39.37368],[-72.34232,-39.37447]]}},{"type":"Feature","properties":{"nombre":"Camino Pinchafil","jerarquia":5},"geometry":{"type":"LineString","coordinates":[[-72.34232,-39.37447],[-72.33918,-39.37489]]}},{"type":"Feature","properties":{"nombre":"Camino Pinchafil","jerarquia":5},"geometry":{"type":"LineString","coordinates":[[-72.33918,-39.37489],[-72.33149,-39.37479],[-72.33009,-39.37479]]}},{"type":"Feature","properties":{"nombre":"","jerarquia":3},"geometry":{"type":"LineString","coordinates":[[-72.22976,-39.27343],[-72.22981,-39.27318],[-72.22968,-39.27298]]}},{"type":"Feature","properties":{"nombre":"","jerarquia":3},"geometry":{"type":"LineString","coordinates":[[-72.22968,-39.27298],[-72.23001,-39.27297],[-72.23031,-39.27288]]}},{"type":"Feature","properties":{"nombre":"Ruta S-69","jerarquia":4},"geometry":{"type":"LineString","coordinates":[[-72.23004,-39.27316],[-72.22997,-39.27312]]}},{"type":"Feature","properties":{"nombre":"Ruta S-69","jerarquia":4},"geometry":{"type":"LineString","coordinates":[[-72.22997,-39.27312],[-72.22968,-39.27298]]}},{"type":"Feature","properties":{"nombre":"Ruta S-69","jerarquia":4},"geometry":{"type":"LineString","coordinates":[[-72.22968,-39.27298],[-72.22804,-39.27215],[-72.22643,-39.27076],[-72.22541,-39.26953],[-72.22523,-39.2692],[-72.22515,-39.26885],[-72.22521,-39.2671],[-72.22512,-39.26662],[-72.22502,-39.26639],[-72.22422,-39.26513],[-72.22378,-39.26455]]}},{"type":"Feature","properties":{"nombre":"Ruta S-69","jerarquia":4},"geometry":{"type":"LineString","coordinates":[[-72.22378,-39.26455],[-72.22324,-39.26393],[-72.22216,-39.26219],[-72.22042,-39.25955]]}},{"type":"Feature","properties":{"nombre":"Ruta S-69","jerarquia":4},"geometry":{"type":"LineString","coordinates":[[-72.22042,-39.25955],[-72.21732,-39.25474]]}},{"type":"Feature","properties":{"nombre":"Ruta S-69","jerarquia":4},"geometry":{"type":"LineString","coordinates":[[-72.21732,-39.25474],[-72.21574,-39.25232],[-72.21558,-39.2519],[-72.21529,-39.25065],[-72.21518,-39.2505],[-72.21448,-39.24984],[-72.21397,-39.2489],[-72.21391,-39.2487],[-72.2139,-39.2484],[-72.21399,-39.2481],[-72.21416,-39.24783],[-72.2144,-39.24759],[-72.21708,-39.24658],[-72.21734,-39.24636],[-72.21747,-39.24605],[-72.21729,-39.2408],[-72.21718,-39.23995],[-72.21523,-39.23471],[-72.21432,-39.23381]]}},{"type":"Feature","properties":{"nombre":"Ruta S-69","jerarquia":4},"geometry":{"type":"LineString","coordinates":[[-72.21432,-39.23381],[-72.2107,-39.23022],[-72.21021,-39.22954],[-72.2067,-39.22521],[-72.20594,-39.22469]]}},{"type":"Feature","properties":{"nombre":"Los Castaños","jerarquia":5},"geometry":{"type":"LineString","coordinates":[[-72.23631,-39.28951],[-72.23599,-39.28939]]}},{"type":"Feature","properties":{"nombre":"Los Castaños","jerarquia":5},"geometry":{"type":"LineString","coordinates":[[-72.23599,-39.28939],[-72.23576,-39.2893]]}},{"type":"Feature","properties":{"nombre":"Los Castaños","jerarquia":5},"geometry":{"type":"LineString","coordinates":[[-72.23576,-39.2893],[-72.23557,-39.28923]]}},{"type":"Feature","properties":{"nombre":"Los Castaños","jerarquia":5},"geometry":{"type":"LineString","coordinates":[[-72.23557,-39.28923],[-72.23519,-39.28908]]}},{"type":"Feature","properties":{"nombre":"Los Castaños","jerarquia":5},"geometry":{"type":"LineString","coordinates":[[-72.23519,-39.28908],[-72.23453,-39.28883]]}},{"type":"Feature","properties":{"nombre":"Los Castaños","jerarquia":5},"geometry":{"type":"LineString","coordinates":[[-72.23453,-39.28883],[-72.23377,-39.28854]]}},{"type":"Feature","properties":{"nombre":"Gerónimo de Alderete","jerarquia":5},"geometry":{"type":"LineString","coordinates":[[-72.23292,-39.28687],[-72.23445,-39.28732]]}},{"type":"Feature","properties":{"nombre":"Gerónimo de Alderete","jerarquia":5},"geometry":{"type":"LineString","coordinates":[[-72.23441,-39.28739],[-72.23294,-39.28699]]}},{"type":"Feature","properties":{"nombre":"Gerónimo de Alderete","jerarquia":5},"geometry":{"type":"LineString","coordinates":[[-72.23294,-39.28699],[-72.23286,-39.28696]]}},{"type":"Feature","properties":{"nombre":"Aviador Acevedo","jerarquia":4},"geometry":{"type":"LineString","coordinates":[[-72.2221,-39.28407],[-72.22215,-39.28411]]}},{"type":"Feature","properties":{"nombre":"Aviador Acevedo","jerarquia":4},"geometry":{"type":"LineString","coordinates":[[-72.22215,-39.28411],[-72.22298,-39.28484]]}},{"type":"Feature","properties":{"nombre":"Aviador Acevedo","jerarquia":4},"geometry":{"type":"LineString","coordinates":[[-72.22298,-39.28484],[-72.22304,-39.28489]]}},{"type":"Feature","properties":{"nombre":"Aviador Acevedo","jerarquia":4},"geometry":{"type":"LineString","coordinates":[[-72.22304,-39.28489],[-72.22323,-39.28506]]}},{"type":"Feature","properties":{"nombre":"Aviador Acevedo","jerarquia":4},"geometry":{"type":"LineString","coordinates":[[-72.22323,-39.28506],[-72.22399,-39.28572]]}},{"type":"Feature","properties":{"nombre":"Ruta S-95-T","jerarquia":3},"geometry":{"type":"LineString","coordinates":[[-72.23297,-39.3049],[-72.23286,-39.30556]]}},{"type":"Feature","properties":{"nombre":"Segunda Faja","jerarquia":4},"geometry":{"type":"LineString","coordinates":[[-72.16074,-39.31959],[-72.16531,-39.31851]]}},{"type":"Feature","properties":{"nombre":"Avenida Pedro de Valdivia","jerarquia":3},"geometry":{"type":"LineString","coordinates":[[-72.23962,-39.27421],[-72.23851,-39.2756],[-72.23829,-39.27582]]}},{"type":"Feature","properties":{"nombre":"Avenida Pedro de Valdivia","jerarquia":3},"geometry":{"type":"LineString","coordinates":[[-72.23829,-39.27582],[-72.23789,-39.27613]]}},{"type":"Feature","properties":{"nombre":"Avenida Pedro de Valdivia","jerarquia":3},"geometry":{"type":"LineString","coordinates":[[-72.23789,-39.27613],[-72.23757,-39.27636]]}},{"type":"Feature","properties":{"nombre":"Avenida Pedro de Valdivia","jerarquia":5},"geometry":{"type":"LineString","coordinates":[[-72.2236,-39.28607],[-72.22295,-39.2865]]}},{"type":"Feature","properties":{"nombre":"Avenida Pedro de Valdivia","jerarquia":5},"geometry":{"type":"LineString","coordinates":[[-72.22295,-39.2865],[-72.22248,-39.28682]]}},{"type":"Feature","properties":{"nombre":"Avenida Pedro de Valdivia","jerarquia":5},"geometry":{"type":"LineString","coordinates":[[-72.22248,-39.28682],[-72.2218,-39.28727]]}},{"type":"Feature","properties":{"nombre":"Avenida Pedro de Valdivia","jerarquia":3},"geometry":{"type":"LineString","coordinates":[[-72.22908,-39.28209],[-72.22911,-39.28207]]}},{"type":"Feature","properties":{"nombre":"Avenida Pedro de Valdivia","jerarquia":3},"geometry":{"type":"LineString","coordinates":[[-72.22911,-39.28207],[-72.22919,-39.28202]]}},{"type":"Feature","properties":{"nombre":"Avenida Pedro de Valdivia","jerarquia":3},"geometry":{"type":"LineString","coordinates":[[-72.22919,-39.28202],[-72.23015,-39.28133]]}},{"type":"Feature","properties":{"nombre":"Avenida Pedro de Valdivia","jerarquia":3},"geometry":{"type":"LineString","coordinates":[[-72.23015,-39.28133],[-72.23023,-39.28127]]}},{"type":"Feature","properties":{"nombre":"Avenida Pedro de Valdivia","jerarquia":3},"geometry":{"type":"LineString","coordinates":[[-72.23023,-39.28127],[-72.23126,-39.28056]]}},{"type":"Feature","properties":{"nombre":"Avenida Pedro de Valdivia","jerarquia":3},"geometry":{"type":"LineString","coordinates":[[-72.23126,-39.28056],[-72.23231,-39.27984]]}},{"type":"Feature","properties":{"nombre":"Avenida Pedro de Valdivia","jerarquia":3},"geometry":{"type":"LineString","coordinates":[[-72.23231,-39.27984],[-72.23323,-39.27921]]}},{"type":"Feature","properties":{"nombre":"Avenida Pedro de Valdivia","jerarquia":3},"geometry":{"type":"LineString","coordinates":[[-72.23323,-39.27921],[-72.23335,-39.27913]]}},{"type":"Feature","properties":{"nombre":"Avenida Presidente Juan Antonio Ríos","jerarquia":4},"geometry":{"type":"LineString","coordinates":[[-72.23078,-39.29084],[-72.2311,-39.29026]]}},{"type":"Feature","properties":{"nombre":"Avenida Presidente Juan Antonio Ríos","jerarquia":4},"geometry":{"type":"LineString","coordinates":[[-72.2311,-39.29026],[-72.23147,-39.28956]]}},{"type":"Feature","properties":{"nombre":"Avenida Presidente Juan Antonio Ríos","jerarquia":4},"geometry":{"type":"LineString","coordinates":[[-72.23147,-39.28956],[-72.23162,-39.28927]]}},{"type":"Feature","properties":{"nombre":"Avenida Presidente Juan Antonio Ríos","jerarquia":4},"geometry":{"type":"LineString","coordinates":[[-72.23162,-39.28927],[-72.23171,-39.28911]]}},{"type":"Feature","properties":{"nombre":"Avenida Presidente Juan Antonio Ríos","jerarquia":4},"geometry":{"type":"LineString","coordinates":[[-72.23171,-39.28911],[-72.23178,-39.28897]]}},{"type":"Feature","properties":{"nombre":"Avenida Presidente Juan Antonio Ríos","jerarquia":4},"geometry":{"type":"LineString","coordinates":[[-72.23178,-39.28897],[-72.23194,-39.28868]]}},{"type":"Feature","properties":{"nombre":"Avenida Presidente Juan Antonio Ríos","jerarquia":4},"geometry":{"type":"LineString","coordinates":[[-72.23194,-39.28868],[-72.23211,-39.28837]]}},{"type":"Feature","properties":{"nombre":"Avenida Presidente Juan Antonio Ríos","jerarquia":4},"geometry":{"type":"LineString","coordinates":[[-72.23211,-39.28837],[-72.23229,-39.28805]]}},{"type":"Feature","properties":{"nombre":"Avenida Presidente Juan Antonio Ríos","jerarquia":4},"geometry":{"type":"LineString","coordinates":[[-72.23229,-39.28805],[-72.23244,-39.28775]]}},{"type":"Feature","properties":{"nombre":"Avenida Presidente Juan Antonio Ríos","jerarquia":4},"geometry":{"type":"LineString","coordinates":[[-72.23244,-39.28775],[-72.23286,-39.28696]]}},{"type":"Feature","properties":{"nombre":"Aviador Acevedo","jerarquia":3},"geometry":{"type":"LineString","coordinates":[[-72.2274,-39.28871],[-72.22832,-39.28953]]}},{"type":"Feature","properties":{"nombre":"Aviador Acevedo","jerarquia":3},"geometry":{"type":"LineString","coordinates":[[-72.22832,-39.28953],[-72.22923,-39.29032]]}},{"type":"Feature","properties":{"nombre":"Aviador Acevedo","jerarquia":3},"geometry":{"type":"LineString","coordinates":[[-72.22923,-39.29032],[-72.22956,-39.29062]]}},{"type":"Feature","properties":{"nombre":"Manuel Antonio Matta","jerarquia":5},"geometry":{"type":"LineString","coordinates":[[-72.23284,-39.28353],[-72.23198,-39.28278]]}},{"type":"Feature","properties":{"nombre":"Manuel Antonio Matta","jerarquia":5},"geometry":{"type":"LineString","coordinates":[[-72.23198,-39.28278],[-72.23162,-39.28247]]}},{"type":"Feature","properties":{"nombre":"Manuel Antonio Matta","jerarquia":5},"geometry":{"type":"LineString","coordinates":[[-72.23162,-39.28247],[-72.23116,-39.28208]]}},{"type":"Feature","properties":{"nombre":"Manuel Antonio Matta","jerarquia":5},"geometry":{"type":"LineString","coordinates":[[-72.23116,-39.28208],[-72.23039,-39.28141]]}},{"type":"Feature","properties":{"nombre":"Manuel Antonio Matta","jerarquia":5},"geometry":{"type":"LineString","coordinates":[[-72.23039,-39.28141],[-72.23035,-39.28137]]}},{"type":"Feature","properties":{"nombre":"Saturnino Epulef","jerarquia":4},"geometry":{"type":"LineString","coordinates":[[-72.23284,-39.28353],[-72.23344,-39.28311]]}},{"type":"Feature","properties":{"nombre":"Saturnino Epulef","jerarquia":4},"geometry":{"type":"LineString","coordinates":[[-72.23344,-39.28311],[-72.23362,-39.28301]]}},{"type":"Feature","properties":{"nombre":"Saturnino Epulef","jerarquia":4},"geometry":{"type":"LineString","coordinates":[[-72.23362,-39.28301],[-72.2339,-39.28281]]}},{"type":"Feature","properties":{"nombre":"Saturnino Epulef","jerarquia":4},"geometry":{"type":"LineString","coordinates":[[-72.2339,-39.28281],[-72.23412,-39.28266]]}},{"type":"Feature","properties":{"nombre":"Saturnino Epulef","jerarquia":4},"geometry":{"type":"LineString","coordinates":[[-72.23412,-39.28266],[-72.23444,-39.28244]]}},{"type":"Feature","properties":{"nombre":"Saturnino Epulef","jerarquia":4},"geometry":{"type":"LineString","coordinates":[[-72.23444,-39.28244],[-72.23459,-39.28233]]}},{"type":"Feature","properties":{"nombre":"Saturnino Epulef","jerarquia":4},"geometry":{"type":"LineString","coordinates":[[-72.23459,-39.28233],[-72.23492,-39.28206]]}},{"type":"Feature","properties":{"nombre":"Saturnino Epulef","jerarquia":4},"geometry":{"type":"LineString","coordinates":[[-72.23492,-39.28206],[-72.23525,-39.28183]]}},{"type":"Feature","properties":{"nombre":"Saturnino Epulef","jerarquia":4},"geometry":{"type":"LineString","coordinates":[[-72.23525,-39.28183],[-72.23546,-39.28169]]}},{"type":"Feature","properties":{"nombre":"Avenida Pedro de Valdivia","jerarquia":3},"geometry":{"type":"LineString","coordinates":[[-72.23606,-39.27725],[-72.23701,-39.2766]]}},{"type":"Feature","properties":{"nombre":"Avenida Pedro de Valdivia","jerarquia":3},"geometry":{"type":"LineString","coordinates":[[-72.23701,-39.2766],[-72.23743,-39.27631]]}},{"type":"Feature","properties":{"nombre":"Avenida Pedro de Valdivia","jerarquia":3},"geometry":{"type":"LineString","coordinates":[[-72.23743,-39.27631],[-72.23778,-39.27604]]}},{"type":"Feature","properties":{"nombre":"Avenida Pedro de Valdivia","jerarquia":3},"geometry":{"type":"LineString","coordinates":[[-72.23778,-39.27604],[-72.23817,-39.27574]]}},{"type":"Feature","properties":{"nombre":"Avenida Pedro de Valdivia","jerarquia":3},"geometry":{"type":"LineString","coordinates":[[-72.23817,-39.27574],[-72.23904,-39.27478]]}},{"type":"Feature","properties":{"nombre":"Saturnino Epulef","jerarquia":5},"geometry":{"type":"LineString","coordinates":[[-72.23589,-39.28138],[-72.23639,-39.28105]]}},{"type":"Feature","properties":{"nombre":"Saturnino Epulef","jerarquia":5},"geometry":{"type":"LineString","coordinates":[[-72.23639,-39.28105],[-72.23688,-39.28072]]}},{"type":"Feature","properties":{"nombre":"Saturnino Epulef","jerarquia":5},"geometry":{"type":"LineString","coordinates":[[-72.23688,-39.28072],[-72.23696,-39.28066]]}},{"type":"Feature","properties":{"nombre":"Saturnino Epulef","jerarquia":5},"geometry":{"type":"LineString","coordinates":[[-72.23696,-39.28066],[-72.23723,-39.28047]]}},{"type":"Feature","properties":{"nombre":"Saturnino Epulef","jerarquia":5},"geometry":{"type":"LineString","coordinates":[[-72.23723,-39.28047],[-72.23747,-39.28031]]}},{"type":"Feature","properties":{"nombre":"Saturnino Epulef","jerarquia":5},"geometry":{"type":"LineString","coordinates":[[-72.23747,-39.28031],[-72.23768,-39.28017]]}},{"type":"Feature","properties":{"nombre":"Saturnino Epulef","jerarquia":5},"geometry":{"type":"LineString","coordinates":[[-72.23768,-39.28017],[-72.23806,-39.27991]]}},{"type":"Feature","properties":{"nombre":"Saturnino Epulef","jerarquia":5},"geometry":{"type":"LineString","coordinates":[[-72.23806,-39.27991],[-72.23849,-39.27962]]}},{"type":"Feature","properties":{"nombre":"Avenida Pedro de Valdivia","jerarquia":3},"geometry":{"type":"LineString","coordinates":[[-72.23345,-39.27921],[-72.23245,-39.27989]]}},{"type":"Feature","properties":{"nombre":"Avenida Pedro de Valdivia","jerarquia":3},"geometry":{"type":"LineString","coordinates":[[-72.23245,-39.27989],[-72.23135,-39.28064]]}},{"type":"Feature","properties":{"nombre":"Avenida Pedro de Valdivia","jerarquia":3},"geometry":{"type":"LineString","coordinates":[[-72.23135,-39.28064],[-72.23034,-39.28134]]}},{"type":"Feature","properties":{"nombre":"Avenida Pedro de Valdivia","jerarquia":3},"geometry":{"type":"LineString","coordinates":[[-72.23034,-39.28134],[-72.23032,-39.28135]]}},{"type":"Feature","properties":{"nombre":"Avenida Pedro de Valdivia","jerarquia":3},"geometry":{"type":"LineString","coordinates":[[-72.23032,-39.28135],[-72.22927,-39.28209]]}},{"type":"Feature","properties":{"nombre":"Avenida Pedro de Valdivia","jerarquia":3},"geometry":{"type":"LineString","coordinates":[[-72.22927,-39.28209],[-72.2288,-39.28241]]}},{"type":"Feature","properties":{"nombre":"Saturnino Epulef","jerarquia":3},"geometry":{"type":"LineString","coordinates":[[-72.21152,-39.29457],[-72.21061,-39.2945],[-72.20984,-39.2943]]}},{"type":"Feature","properties":{"nombre":"Saturnino Epulef","jerarquia":3},"geometry":{"type":"LineString","coordinates":[[-72.2136,-39.29449],[-72.21456,-39.2945]]}},{"type":"Feature","properties":{"nombre":"Gerónimo de Alderete","jerarquia":4},"geometry":{"type":"LineString","coordinates":[[-72.23286,-39.28696],[-72.23157,-39.28584]]}},{"type":"Feature","properties":{"nombre":"Gerónimo de Alderete","jerarquia":4},"geometry":{"type":"LineString","coordinates":[[-72.23167,-39.28577],[-72.23244,-39.28646]]}},{"type":"Feature","properties":{"nombre":"Gerónimo de Alderete","jerarquia":4},"geometry":{"type":"LineString","coordinates":[[-72.23244,-39.28646],[-72.23284,-39.2868]]}},{"type":"Feature","properties":{"nombre":"Gerónimo de Alderete","jerarquia":4},"geometry":{"type":"LineString","coordinates":[[-72.23284,-39.2868],[-72.23292,-39.28687]]}},{"type":"Feature","properties":{"nombre":"Saturnino Epulef","jerarquia":4},"geometry":{"type":"LineString","coordinates":[[-72.23062,-39.28501],[-72.23071,-39.28494]]}},{"type":"Feature","properties":{"nombre":"Saturnino Epulef","jerarquia":4},"geometry":{"type":"LineString","coordinates":[[-72.22644,-39.28787],[-72.22652,-39.28782]]}},{"type":"Feature","properties":{"nombre":"Saturnino Epulef","jerarquia":4},"geometry":{"type":"LineString","coordinates":[[-72.22652,-39.28782],[-72.22752,-39.28713]]}},{"type":"Feature","properties":{"nombre":"Saturnino Epulef","jerarquia":4},"geometry":{"type":"LineString","coordinates":[[-72.22752,-39.28713],[-72.22846,-39.28649]]}},{"type":"Feature","properties":{"nombre":"Saturnino Epulef","jerarquia":4},"geometry":{"type":"LineString","coordinates":[[-72.22846,-39.28649],[-72.22856,-39.28642]]}},{"type":"Feature","properties":{"nombre":"Saturnino Epulef","jerarquia":4},"geometry":{"type":"LineString","coordinates":[[-72.22856,-39.28642],[-72.22865,-39.28636]]}},{"type":"Feature","properties":{"nombre":"Saturnino Epulef","jerarquia":4},"geometry":{"type":"LineString","coordinates":[[-72.22865,-39.28636],[-72.22961,-39.2857]]}},{"type":"Feature","properties":{"nombre":"Saturnino Epulef","jerarquia":4},"geometry":{"type":"LineString","coordinates":[[-72.22961,-39.2857],[-72.23056,-39.28505]]}},{"type":"Feature","properties":{"nombre":"Saturnino Epulef","jerarquia":4},"geometry":{"type":"LineString","coordinates":[[-72.23056,-39.28505],[-72.23062,-39.28501]]}},{"type":"Feature","properties":{"nombre":"San Francisco","jerarquia":5},"geometry":{"type":"LineString","coordinates":[[-72.23467,-39.29901],[-72.23461,-39.29901]]}},{"type":"Feature","properties":{"nombre":"San Francisco","jerarquia":5},"geometry":{"type":"LineString","coordinates":[[-72.23461,-39.29901],[-72.23452,-39.29896]]}},{"type":"Feature","properties":{"nombre":"San Francisco","jerarquia":5},"geometry":{"type":"LineString","coordinates":[[-72.23452,-39.29896],[-72.23449,-39.29891]]}},{"type":"Feature","properties":{"nombre":"San Francisco","jerarquia":5},"geometry":{"type":"LineString","coordinates":[[-72.23449,-39.29891],[-72.23454,-39.29877]]}},{"type":"Feature","properties":{"nombre":"San Francisco","jerarquia":5},"geometry":{"type":"LineString","coordinates":[[-72.23454,-39.29877],[-72.23471,-39.29874],[-72.23482,-39.29879]]}},{"type":"Feature","properties":{"nombre":"Camino Cancha Aviación - Relún","jerarquia":5},"geometry":{"type":"LineString","coordinates":[[-72.3015,-39.35942],[-72.30218,-39.36101]]}},{"type":"Feature","properties":{"nombre":"Camino Cancha Aviación - Relún","jerarquia":5},"geometry":{"type":"LineString","coordinates":[[-72.30218,-39.36101],[-72.30252,-39.36168]]}},{"type":"Feature","properties":{"nombre":"Camino Cancha Aviación - Relún","jerarquia":5},"geometry":{"type":"LineString","coordinates":[[-72.30252,-39.36168],[-72.30275,-39.36211]]}},{"type":"Feature","properties":{"nombre":"Camino Cancha Aviación - Relún","jerarquia":5},"geometry":{"type":"LineString","coordinates":[[-72.30275,-39.36211],[-72.30282,-39.36229]]}},{"type":"Feature","properties":{"nombre":"Camino Cancha Aviación - Relún","jerarquia":5},"geometry":{"type":"LineString","coordinates":[[-72.30282,-39.36229],[-72.30302,-39.36262],[-72.30335,-39.36295],[-72.30516,-39.36403]]}},{"type":"Feature","properties":{"nombre":"Camino Cancha Aviación - Relún","jerarquia":5},"geometry":{"type":"LineString","coordinates":[[-72.30516,-39.36403],[-72.30635,-39.36506],[-72.30734,-39.36607],[-72.30984,-39.36995]]}},{"type":"Feature","properties":{"nombre":"Camino Cancha Aviación - Relún","jerarquia":5},"geometry":{"type":"LineString","coordinates":[[-72.30984,-39.36995],[-72.31049,-39.37088],[-72.31121,-39.37171],[-72.31211,-39.37262],[-72.31382,-39.37413]]}},{"type":"Feature","properties":{"nombre":"Camino Collico Sur - Liumalla","jerarquia":5},"geometry":{"type":"LineString","coordinates":[[-72.2612,-39.36235],[-72.26113,-39.36285],[-72.26114,-39.36335],[-72.26126,-39.36377],[-72.26137,-39.36397],[-72.2615,-39.36407],[-72.26234,-39.36449],[-72.26245,-39.36462],[-72.2635,-39.36761],[-72.26363,-39.36811],[-72.26362,-39.36838],[-72.26347,-39.36889],[-72.26296,-39.36963],[-72.26233,-39.37007],[-72.26211,-39.37043]]}},{"type":"Feature","properties":{"nombre":"Camino Collico Sur - Liumalla","jerarquia":5},"geometry":{"type":"LineString","coordinates":[[-72.26211,-39.37043],[-72.2608,-39.37057],[-72.2596,-39.37037],[-72.25886,-39.3702]]}},{"type":"Feature","properties":{"nombre":"Camino Collico Sur - Liumalla","jerarquia":5},"geometry":{"type":"LineString","coordinates":[[-72.26123,-39.36227],[-72.2612,-39.36235]]}},{"type":"Feature","properties":{"nombre":"Ruta S-95-T","jerarquia":3},"geometry":{"type":"LineString","coordinates":[[-72.22133,-39.33675],[-72.22138,-39.33696]]}},{"type":"Feature","properties":{"nombre":"Ruta S-95-T","jerarquia":3},"geometry":{"type":"LineString","coordinates":[[-72.21745,-39.34805],[-72.21737,-39.34824]]}},{"type":"Feature","properties":{"nombre":"Ruta S-95-T","jerarquia":3},"geometry":{"type":"LineString","coordinates":[[-72.21737,-39.34824],[-72.21442,-39.35532]]}},{"type":"Feature","properties":{"nombre":"Ruta S-95-T","jerarquia":3},"geometry":{"type":"LineString","coordinates":[[-72.21442,-39.35532],[-72.21341,-39.35773],[-72.21291,-39.35876]]}},{"type":"Feature","properties":{"nombre":"Ruta S-95-T","jerarquia":3},"geometry":{"type":"LineString","coordinates":[[-72.21291,-39.35876],[-72.21252,-39.35947],[-72.21227,-39.35974],[-72.21183,-39.35996],[-72.21094,-39.36016]]}},{"type":"Feature","properties":{"nombre":"Camino Internacional Monseñor Francisco Valdés Subercaseaux","jerarquia":3},"geometry":{"type":"LineString","coordinates":[[-72.22928,-39.27427],[-72.22938,-39.27392]]}},{"type":"Feature","properties":{"nombre":"San Pablo","jerarquia":5},"geometry":{"type":"LineString","coordinates":[[-72.23474,-39.29498],[-72.23487,-39.29499]]}},{"type":"Feature","properties":{"nombre":"San Pablo","jerarquia":5},"geometry":{"type":"LineString","coordinates":[[-72.23487,-39.29499],[-72.23537,-39.29501]]}},{"type":"Feature","properties":{"nombre":"San Pablo","jerarquia":5},"geometry":{"type":"LineString","coordinates":[[-72.23537,-39.29501],[-72.23581,-39.29502]]}},{"type":"Feature","properties":{"nombre":"San Pablo","jerarquia":5},"geometry":{"type":"LineString","coordinates":[[-72.23581,-39.29502],[-72.23628,-39.29504]]}},{"type":"Feature","properties":{"nombre":"San Pablo","jerarquia":5},"geometry":{"type":"LineString","coordinates":[[-72.23628,-39.29504],[-72.23678,-39.29506]]}},{"type":"Feature","properties":{"nombre":"San Pablo","jerarquia":5},"geometry":{"type":"LineString","coordinates":[[-72.23678,-39.29506],[-72.2369,-39.29506]]}},{"type":"Feature","properties":{"nombre":"Camilo Henríquez","jerarquia":4},"geometry":{"type":"LineString","coordinates":[[-72.22532,-39.28032],[-72.22625,-39.28113]]}},{"type":"Feature","properties":{"nombre":"Camilo Henríquez","jerarquia":4},"geometry":{"type":"LineString","coordinates":[[-72.22625,-39.28113],[-72.22718,-39.28193]]}},{"type":"Feature","properties":{"nombre":"José Miguel Carrera","jerarquia":5},"geometry":{"type":"LineString","coordinates":[[-72.2369,-39.29506],[-72.23685,-39.29588]]}},{"type":"Feature","properties":{"nombre":"José Miguel Carrera","jerarquia":5},"geometry":{"type":"LineString","coordinates":[[-72.23685,-39.29588],[-72.23675,-39.29753]]}},{"type":"Feature","properties":{"nombre":"José Miguel Carrera","jerarquia":5},"geometry":{"type":"LineString","coordinates":[[-72.23675,-39.29753],[-72.23675,-39.29766]]}},{"type":"Feature","properties":{"nombre":"José Miguel Carrera","jerarquia":5},"geometry":{"type":"LineString","coordinates":[[-72.23659,-39.29775],[-72.23661,-39.29762]]}},{"type":"Feature","properties":{"nombre":"José Miguel Carrera","jerarquia":5},"geometry":{"type":"LineString","coordinates":[[-72.23661,-39.29762],[-72.23662,-39.29752]]}},{"type":"Feature","properties":{"nombre":"José Miguel Carrera","jerarquia":5},"geometry":{"type":"LineString","coordinates":[[-72.23662,-39.29752],[-72.23667,-39.2967]]}},{"type":"Feature","properties":{"nombre":"José Miguel Carrera","jerarquia":5},"geometry":{"type":"LineString","coordinates":[[-72.23667,-39.2967],[-72.23673,-39.29587]]}},{"type":"Feature","properties":{"nombre":"José Miguel Carrera","jerarquia":5},"geometry":{"type":"LineString","coordinates":[[-72.23673,-39.29587],[-72.23678,-39.29506]]}},{"type":"Feature","properties":{"nombre":"San Francisco","jerarquia":5},"geometry":{"type":"LineString","coordinates":[[-72.23675,-39.29766],[-72.23659,-39.29775]]}},{"type":"Feature","properties":{"nombre":"San Francisco","jerarquia":5},"geometry":{"type":"LineString","coordinates":[[-72.23659,-39.29775],[-72.23482,-39.29879]]}},{"type":"Feature","properties":{"nombre":"Gaspar Marín","jerarquia":5},"geometry":{"type":"LineString","coordinates":[[-72.23656,-39.28984],[-72.23631,-39.28951]]}},{"type":"Feature","properties":{"nombre":"Avenida Estación","jerarquia":5},"geometry":{"type":"LineString","coordinates":[[-72.23377,-39.28854],[-72.23441,-39.28739]]}},{"type":"Feature","properties":{"nombre":"Avenida Estación","jerarquia":5},"geometry":{"type":"LineString","coordinates":[[-72.23441,-39.28739],[-72.23445,-39.28732]]}},{"type":"Feature","properties":{"nombre":"Avenida Presidente Juan Antonio Ríos","jerarquia":5},"geometry":{"type":"LineString","coordinates":[[-72.23292,-39.28687],[-72.23294,-39.28683]]}},{"type":"Feature","properties":{"nombre":"Avenida Presidente Juan Antonio Ríos","jerarquia":5},"geometry":{"type":"LineString","coordinates":[[-72.23294,-39.28683],[-72.23355,-39.28579]]}},{"type":"Feature","properties":{"nombre":"Sexta Faja","jerarquia":4},"geometry":{"type":"LineString","coordinates":[[-72.33055,-39.23319],[-72.32659,-39.23407]]}},{"type":"Feature","properties":{"nombre":"Ruta S-95-T","jerarquia":3},"geometry":{"type":"LineString","coordinates":[[-72.2328,-39.30593],[-72.23279,-39.30604]]}},{"type":"Feature","properties":{"nombre":"Avenida José Miguel Carrera","jerarquia":3},"geometry":{"type":"LineString","coordinates":[[-72.22948,-39.27562],[-72.22964,-39.27587]]}},{"type":"Feature","properties":{"nombre":"Avenida Pedro de Valdivia","jerarquia":3},"geometry":{"type":"LineString","coordinates":[[-72.22586,-39.28431],[-72.22601,-39.2842]]}},{"type":"Feature","properties":{"nombre":"Avenida Pedro de Valdivia","jerarquia":3},"geometry":{"type":"LineString","coordinates":[[-72.22601,-39.2842],[-72.22603,-39.28419]]}},{"type":"Feature","properties":{"nombre":"Avenida Pedro de Valdivia","jerarquia":3},"geometry":{"type":"LineString","coordinates":[[-72.2282,-39.28282],[-72.22714,-39.28355]]}},{"type":"Feature","properties":{"nombre":"Avenida Pedro de Valdivia","jerarquia":3},"geometry":{"type":"LineString","coordinates":[[-72.22714,-39.28355],[-72.2271,-39.28358]]}},{"type":"Feature","properties":{"nombre":"General Basilio Urrutia","jerarquia":4},"geometry":{"type":"LineString","coordinates":[[-72.22532,-39.28032],[-72.22641,-39.27957]]}},{"type":"Feature","properties":{"nombre":"General Basilio Urrutia","jerarquia":4},"geometry":{"type":"LineString","coordinates":[[-72.22641,-39.27957],[-72.22743,-39.27886]]}},{"type":"Feature","properties":{"nombre":"General Basilio Urrutia","jerarquia":4},"geometry":{"type":"LineString","coordinates":[[-72.22743,-39.27886],[-72.22847,-39.27813]]}},{"type":"Feature","properties":{"nombre":"General Basilio Urrutia","jerarquia":4},"geometry":{"type":"LineString","coordinates":[[-72.22847,-39.27813],[-72.2295,-39.27742]]}},{"type":"Feature","properties":{"nombre":"General Basilio Urrutia","jerarquia":4},"geometry":{"type":"LineString","coordinates":[[-72.22428,-39.28104],[-72.22438,-39.28097]]}},{"type":"Feature","properties":{"nombre":"General Basilio Urrutia","jerarquia":4},"geometry":{"type":"LineString","coordinates":[[-72.22438,-39.28097],[-72.22532,-39.28032]]}},{"type":"Feature","properties":{"nombre":"Avenida Costanera","jerarquia":4},"geometry":{"type":"LineString","coordinates":[[-72.21315,-39.29418],[-72.21318,-39.29377],[-72.21326,-39.29351],[-72.21345,-39.29314],[-72.21362,-39.29293]]}},{"type":"Feature","properties":{"nombre":"Avenida Presidente Juan Antonio Ríos","jerarquia":4},"geometry":{"type":"LineString","coordinates":[[-72.23286,-39.28696],[-72.23292,-39.28687]]}},{"type":"Feature","properties":{"nombre":"Pedro Montt","jerarquia":4},"geometry":{"type":"LineString","coordinates":[[-72.22714,-39.28355],[-72.22705,-39.28348]]}},{"type":"Feature","properties":{"nombre":"Avenida Pedro de Valdivia","jerarquia":3},"geometry":{"type":"LineString","coordinates":[[-72.22701,-39.28351],[-72.22705,-39.28348]]}},{"type":"Feature","properties":{"nombre":"Avenida Pedro de Valdivia","jerarquia":3},"geometry":{"type":"LineString","coordinates":[[-72.22705,-39.28348],[-72.22802,-39.28281]]}},{"type":"Feature","properties":{"nombre":"Avenida Pedro de Valdivia","jerarquia":3},"geometry":{"type":"LineString","coordinates":[[-72.22802,-39.28281],[-72.22812,-39.28275]]}},{"type":"Feature","properties":{"nombre":"Avenida Pedro de Valdivia","jerarquia":3},"geometry":{"type":"LineString","coordinates":[[-72.22603,-39.28419],[-72.22701,-39.28351]]}},{"type":"Feature","properties":{"nombre":"Avenida Pedro de Valdivia","jerarquia":3},"geometry":{"type":"LineString","coordinates":[[-72.22533,-39.28482],[-72.22507,-39.285]]}},{"type":"Feature","properties":{"nombre":"Avenida Pedro de Valdivia","jerarquia":3},"geometry":{"type":"LineString","coordinates":[[-72.22507,-39.285],[-72.22421,-39.28564]]}},{"type":"Feature","properties":{"nombre":"Avenida Pedro de Valdivia","jerarquia":3},"geometry":{"type":"LineString","coordinates":[[-72.22421,-39.28564],[-72.22399,-39.28572]]}},{"type":"Feature","properties":{"nombre":"Avenida Pedro de Valdivia","jerarquia":3},"geometry":{"type":"LineString","coordinates":[[-72.2271,-39.28358],[-72.22612,-39.28427]]}},{"type":"Feature","properties":{"nombre":"Ruta S-95-T","jerarquia":3},"geometry":{"type":"LineString","coordinates":[[-72.20941,-39.36735],[-72.20992,-39.36788],[-72.21043,-39.36865],[-72.21147,-39.36964]]}},{"type":"Feature","properties":{"nombre":"Ruta S-95-T","jerarquia":3},"geometry":{"type":"LineString","coordinates":[[-72.21147,-39.36964],[-72.21236,-39.37025],[-72.21345,-39.37127],[-72.21399,-39.37157],[-72.21472,-39.37185],[-72.21739,-39.37314]]}},{"type":"Feature","properties":{"nombre":"Ruta S-95-T","jerarquia":3},"geometry":{"type":"LineString","coordinates":[[-72.21739,-39.37314],[-72.21847,-39.37365],[-72.21956,-39.37393],[-72.22112,-39.37457]]}},{"type":"Feature","properties":{"nombre":"Avenida Nueva Villarrica","jerarquia":3},"geometry":{"type":"LineString","coordinates":[[-72.2325,-39.306],[-72.23269,-39.30584],[-72.23286,-39.30556]]}},{"type":"Feature","properties":{"nombre":"Avenida Nueva Villarrica","jerarquia":3},"geometry":{"type":"LineString","coordinates":[[-72.23278,-39.30644],[-72.23269,-39.30622],[-72.23248,-39.30611]]}},{"type":"Feature","properties":{"nombre":"Ruta S-95-T","jerarquia":3},"geometry":{"type":"LineString","coordinates":[[-72.22993,-39.31566],[-72.22733,-39.32081]]}},{"type":"Feature","properties":{"nombre":"Ruta S-95-T","jerarquia":3},"geometry":{"type":"LineString","coordinates":[[-72.22733,-39.32081],[-72.22672,-39.32203]]}},{"type":"Feature","properties":{"nombre":"Ruta S-95-T","jerarquia":3},"geometry":{"type":"LineString","coordinates":[[-72.22672,-39.32203],[-72.22535,-39.32475]]}},{"type":"Feature","properties":{"nombre":"Ruta S-95-T","jerarquia":3},"geometry":{"type":"LineString","coordinates":[[-72.22535,-39.32475],[-72.22443,-39.32656]]}},{"type":"Feature","properties":{"nombre":"Ruta S-95-T","jerarquia":3},"geometry":{"type":"LineString","coordinates":[[-72.22443,-39.32656],[-72.22112,-39.33315]]}},{"type":"Feature","properties":{"nombre":"Ruta S-95-T","jerarquia":3},"geometry":{"type":"LineString","coordinates":[[-72.21094,-39.36016],[-72.2088,-39.36077]]}},{"type":"Feature","properties":{"nombre":"Ruta S-95-T","jerarquia":3},"geometry":{"type":"LineString","coordinates":[[-72.2088,-39.36077],[-72.20844,-39.36095],[-72.20776,-39.36146]]}},{"type":"Feature","properties":{"nombre":"Ruta S-95-T","jerarquia":3},"geometry":{"type":"LineString","coordinates":[[-72.20776,-39.36146],[-72.20739,-39.36177],[-72.20713,-39.36209],[-72.20698,-39.36243],[-72.20692,-39.36289]]}},{"type":"Feature","properties":{"nombre":"Manuel Antonio Matta","jerarquia":5},"geometry":{"type":"LineString","coordinates":[[-72.23455,-39.28501],[-72.23424,-39.28475]]}},{"type":"Feature","properties":{"nombre":"Saturnino Epulef","jerarquia":3},"geometry":{"type":"LineString","coordinates":[[-72.19644,-39.29458],[-72.19861,-39.29437]]}},{"type":"Feature","properties":{"nombre":"Avenida Pedro de Valdivia","jerarquia":3},"geometry":{"type":"LineString","coordinates":[[-72.24115,-39.27144],[-72.24105,-39.2721],[-72.24083,-39.27262],[-72.24044,-39.27317],[-72.24006,-39.2736]]}},{"type":"Feature","properties":{"nombre":"Aviador Acevedo","jerarquia":3},"geometry":{"type":"LineString","coordinates":[[-72.23045,-39.29145],[-72.23,-39.29105]]}},{"type":"Feature","properties":{"nombre":"","jerarquia":3},"geometry":{"type":"LineString","coordinates":[[-72.23,-39.29105],[-72.23013,-39.29105]]}},{"type":"Feature","properties":{"nombre":"","jerarquia":3},"geometry":{"type":"LineString","coordinates":[[-72.23001,-39.29094],[-72.23,-39.29105]]}},{"type":"Feature","properties":{"nombre":"Aviador Acevedo","jerarquia":3},"geometry":{"type":"LineString","coordinates":[[-72.23032,-39.29122],[-72.23042,-39.29131]]}},{"type":"Feature","properties":{"nombre":"Aviador Acevedo","jerarquia":3},"geometry":{"type":"LineString","coordinates":[[-72.23042,-39.29131],[-72.23049,-39.29137]]}},{"type":"Feature","properties":{"nombre":"","jerarquia":3},"geometry":{"type":"LineString","coordinates":[[-72.23032,-39.29122],[-72.23041,-39.29124]]}},{"type":"Feature","properties":{"nombre":"","jerarquia":3},"geometry":{"type":"LineString","coordinates":[[-72.23041,-39.29124],[-72.23055,-39.29126]]}},{"type":"Feature","properties":{"nombre":"Aviador Acevedo","jerarquia":3},"geometry":{"type":"LineString","coordinates":[[-72.23001,-39.29094],[-72.23013,-39.29105]]}},{"type":"Feature","properties":{"nombre":"Aviador Acevedo","jerarquia":3},"geometry":{"type":"LineString","coordinates":[[-72.23013,-39.29105],[-72.23032,-39.29122]]}},{"type":"Feature","properties":{"nombre":"Aviador Acevedo","jerarquia":3},"geometry":{"type":"LineString","coordinates":[[-72.23,-39.29105],[-72.22973,-39.29078]]}},{"type":"Feature","properties":{"nombre":"Saturnino Epulef","jerarquia":3},"geometry":{"type":"LineString","coordinates":[[-72.21596,-39.29451],[-72.21623,-39.29447]]}},{"type":"Feature","properties":{"nombre":"Saturnino Epulef","jerarquia":3},"geometry":{"type":"LineString","coordinates":[[-72.21623,-39.29447],[-72.21645,-39.29439]]}},{"type":"Feature","properties":{"nombre":"Saturnino Epulef","jerarquia":3},"geometry":{"type":"LineString","coordinates":[[-72.21645,-39.29439],[-72.21671,-39.29429]]}},{"type":"Feature","properties":{"nombre":"Saturnino Epulef","jerarquia":3},"geometry":{"type":"LineString","coordinates":[[-72.21671,-39.29429],[-72.21717,-39.29407]]}},{"type":"Feature","properties":{"nombre":"Saturnino Epulef","jerarquia":3},"geometry":{"type":"LineString","coordinates":[[-72.21717,-39.29407],[-72.21832,-39.29358],[-72.21858,-39.2934]]}},{"type":"Feature","properties":{"nombre":"Saturnino Epulef","jerarquia":3},"geometry":{"type":"LineString","coordinates":[[-72.22026,-39.29227],[-72.21992,-39.29252]]}},{"type":"Feature","properties":{"nombre":"Saturnino Epulef","jerarquia":3},"geometry":{"type":"LineString","coordinates":[[-72.21992,-39.29252],[-72.2193,-39.29298]]}},{"type":"Feature","properties":{"nombre":"Saturnino Epulef","jerarquia":3},"geometry":{"type":"LineString","coordinates":[[-72.224,-39.2896],[-72.22321,-39.29015]]}},{"type":"Feature","properties":{"nombre":"Avenida Costanera","jerarquia":4},"geometry":{"type":"LineString","coordinates":[[-72.21362,-39.29293],[-72.21379,-39.29241],[-72.21392,-39.29226]]}},{"type":"Feature","properties":{"nombre":"Avenida Costanera","jerarquia":4},"geometry":{"type":"LineString","coordinates":[[-72.21438,-39.2921],[-72.21487,-39.29191]]}},{"type":"Feature","properties":{"nombre":"Avenida Costanera","jerarquia":4},"geometry":{"type":"LineString","coordinates":[[-72.21422,-39.29239],[-72.21362,-39.29293]]}},{"type":"Feature","properties":{"nombre":"Camino Putué Bajo - Rinconada","jerarquia":5},"geometry":{"type":"LineString","coordinates":[[-72.31692,-39.24418],[-72.31655,-39.24421]]}},{"type":"Feature","properties":{"nombre":"Ruta S-65","jerarquia":4},"geometry":{"type":"LineString","coordinates":[[-72.30865,-39.26667],[-72.30862,-39.26691]]}},{"type":"Feature","properties":{"nombre":"Ruta S-65","jerarquia":4},"geometry":{"type":"LineString","coordinates":[[-72.30862,-39.26691],[-72.30851,-39.26778]]}},{"type":"Feature","properties":{"nombre":"Ruta S-65","jerarquia":4},"geometry":{"type":"LineString","coordinates":[[-72.30851,-39.26778],[-72.30856,-39.26815],[-72.30869,-39.26855]]}},{"type":"Feature","properties":{"nombre":"Ruta S-65","jerarquia":4},"geometry":{"type":"LineString","coordinates":[[-72.30869,-39.26855],[-72.30932,-39.27025],[-72.31101,-39.27359],[-72.31118,-39.27408],[-72.31116,-39.27444],[-72.31106,-39.27479],[-72.30989,-39.27785]]}},{"type":"Feature","properties":{"nombre":"Ruta S-65","jerarquia":4},"geometry":{"type":"LineString","coordinates":[[-72.30989,-39.27785],[-72.30977,-39.27818]]}},{"type":"Feature","properties":{"nombre":"Ruta S-65","jerarquia":4},"geometry":{"type":"LineString","coordinates":[[-72.30868,-39.26649],[-72.30865,-39.26667]]}},{"type":"Feature","properties":{"nombre":"Ruta S-65","jerarquia":4},"geometry":{"type":"LineString","coordinates":[[-72.31956,-39.24296],[-72.31942,-39.24326]]}},{"type":"Feature","properties":{"nombre":"Ruta S-65","jerarquia":4},"geometry":{"type":"LineString","coordinates":[[-72.32659,-39.23407],[-72.32608,-39.2355],[-72.32585,-39.23574],[-72.32546,-39.23593]]}},{"type":"Feature","properties":{"nombre":"Ruta S-65","jerarquia":4},"geometry":{"type":"LineString","coordinates":[[-72.32546,-39.23593],[-72.32501,-39.236],[-72.32391,-39.23601],[-72.32331,-39.23612],[-72.32213,-39.23643],[-72.32158,-39.23666],[-72.32131,-39.23684],[-72.32109,-39.23718],[-72.32104,-39.23754],[-72.32114,-39.23778],[-72.32153,-39.23822],[-72.32159,-39.23846],[-72.32156,-39.23867],[-72.32134,-39.23894],[-72.32044,-39.23952],[-72.32005,-39.24009],[-72.31998,-39.2403],[-72.31976,-39.24189]]}},{"type":"Feature","properties":{"nombre":"Ruta S-65","jerarquia":4},"geometry":{"type":"LineString","coordinates":[[-72.31976,-39.24189],[-72.31959,-39.24286]]}},{"type":"Feature","properties":{"nombre":"Ruta S-65","jerarquia":4},"geometry":{"type":"LineString","coordinates":[[-72.31959,-39.24286],[-72.31956,-39.24296]]}},{"type":"Feature","properties":{"nombre":"Avenida José Miguel Carrera","jerarquia":3},"geometry":{"type":"LineString","coordinates":[[-72.23056,-39.27667],[-72.23065,-39.27675]]}},{"type":"Feature","properties":{"nombre":"Avenida José Miguel Carrera","jerarquia":3},"geometry":{"type":"LineString","coordinates":[[-72.23065,-39.27675],[-72.23072,-39.27682]]}},{"type":"Feature","properties":{"nombre":"Saturnino Epulef","jerarquia":4},"geometry":{"type":"LineString","coordinates":[[-72.23546,-39.28169],[-72.23589,-39.28138]]}},{"type":"Feature","properties":{"nombre":"Avenida José Miguel Carrera","jerarquia":4},"geometry":{"type":"LineString","coordinates":[[-72.23589,-39.28138],[-72.23565,-39.28116]]}},{"type":"Feature","properties":{"nombre":"Anfión Muñoz","jerarquia":5},"geometry":{"type":"LineString","coordinates":[[-72.23346,-39.28571],[-72.23351,-39.28575]]}},{"type":"Feature","properties":{"nombre":"Anfión Muñoz","jerarquia":5},"geometry":{"type":"LineString","coordinates":[[-72.23351,-39.28575],[-72.23355,-39.28579]]}},{"type":"Feature","properties":{"nombre":"Anfión Muñoz","jerarquia":5},"geometry":{"type":"LineString","coordinates":[[-72.23177,-39.28425],[-72.23219,-39.28461]]}},{"type":"Feature","properties":{"nombre":"Saturnino Epulef","jerarquia":4},"geometry":{"type":"LineString","coordinates":[[-72.23177,-39.28425],[-72.23284,-39.28353]]}},{"type":"Feature","properties":{"nombre":"Saturnino Epulef","jerarquia":4},"geometry":{"type":"LineString","coordinates":[[-72.23071,-39.28494],[-72.23081,-39.28487]]}},{"type":"Feature","properties":{"nombre":"Saturnino Epulef","jerarquia":4},"geometry":{"type":"LineString","coordinates":[[-72.23081,-39.28487],[-72.23177,-39.28425]]}},{"type":"Feature","properties":{"nombre":"Avenida Presidente Juan Antonio Ríos","jerarquia":4},"geometry":{"type":"LineString","coordinates":[[-72.23049,-39.29137],[-72.23052,-39.29133]]}},{"type":"Feature","properties":{"nombre":"Avenida Presidente Juan Antonio Ríos","jerarquia":4},"geometry":{"type":"LineString","coordinates":[[-72.23052,-39.29133],[-72.23055,-39.29126]]}},{"type":"Feature","properties":{"nombre":"Avenida Presidente Juan Antonio Ríos","jerarquia":4},"geometry":{"type":"LineString","coordinates":[[-72.23055,-39.29126],[-72.23078,-39.29084]]}},{"type":"Feature","properties":{"nombre":"Colo Colo","jerarquia":3},"geometry":{"type":"LineString","coordinates":[[-72.23348,-39.30146],[-72.2335,-39.30159]]}},{"type":"Feature","properties":{"nombre":"Ruta S-95-T","jerarquia":3},"geometry":{"type":"LineString","coordinates":[[-72.2335,-39.30159],[-72.23346,-39.30205]]}},{"type":"Feature","properties":{"nombre":"Ruta S-95-T","jerarquia":3},"geometry":{"type":"LineString","coordinates":[[-72.23346,-39.30205],[-72.23343,-39.30219]]}},{"type":"Feature","properties":{"nombre":"Ruta S-95-T","jerarquia":3},"geometry":{"type":"LineString","coordinates":[[-72.23343,-39.30219],[-72.23343,-39.30225]]}},{"type":"Feature","properties":{"nombre":"Colo Colo","jerarquia":3},"geometry":{"type":"LineString","coordinates":[[-72.22894,-39.29659],[-72.2296,-39.29743],[-72.22991,-39.29772]]}},{"type":"Feature","properties":{"nombre":"Colo Colo","jerarquia":3},"geometry":{"type":"LineString","coordinates":[[-72.22991,-39.29772],[-72.23007,-39.29781]]}},{"type":"Feature","properties":{"nombre":"Colo Colo","jerarquia":3},"geometry":{"type":"LineString","coordinates":[[-72.2283,-39.29541],[-72.22834,-39.29555]]}},{"type":"Feature","properties":{"nombre":"Colo Colo","jerarquia":3},"geometry":{"type":"LineString","coordinates":[[-72.22834,-39.29555],[-72.22863,-39.29615],[-72.22894,-39.29659]]}},{"type":"Feature","properties":{"nombre":"Anfión Muñoz","jerarquia":5},"geometry":{"type":"LineString","coordinates":[[-72.2327,-39.28505],[-72.23346,-39.28571]]}},{"type":"Feature","properties":{"nombre":"Anfión Muñoz","jerarquia":5},"geometry":{"type":"LineString","coordinates":[[-72.23219,-39.28461],[-72.2327,-39.28505]]}},{"type":"Feature","properties":{"nombre":"Camino Internacional Monseñor Francisco Valdés Subercaseaux","jerarquia":3},"geometry":{"type":"LineString","coordinates":[[-72.23054,-39.27129],[-72.23061,-39.27193],[-72.23059,-39.27242]]}},{"type":"Feature","properties":{"nombre":"Camino Internacional Monseñor Francisco Valdés Subercaseaux","jerarquia":3},"geometry":{"type":"LineString","coordinates":[[-72.23059,-39.27242],[-72.23056,-39.27252]]}},{"type":"Feature","properties":{"nombre":"Avenida José Miguel Carrera","jerarquia":4},"geometry":{"type":"LineString","coordinates":[[-72.23565,-39.28116],[-72.23561,-39.28113]]}},{"type":"Feature","properties":{"nombre":"Avenida José Miguel Carrera","jerarquia":4},"geometry":{"type":"LineString","coordinates":[[-72.23561,-39.28113],[-72.23543,-39.28096]]}},{"type":"Feature","properties":{"nombre":"","jerarquia":4},"geometry":{"type":"LineString","coordinates":[[-72.21411,-39.30644],[-72.21422,-39.30633],[-72.21427,-39.30618]]}},{"type":"Feature","properties":{"nombre":"","jerarquia":4},"geometry":{"type":"LineString","coordinates":[[-72.21438,-39.30616],[-72.21454,-39.30626],[-72.21471,-39.30629]]}},{"type":"Feature","properties":{"nombre":"","jerarquia":3},"geometry":{"type":"LineString","coordinates":[[-72.20197,-39.2938],[-72.20203,-39.2938]]}},{"type":"Feature","properties":{"nombre":"Camino Internacional Monseñor Francisco Valdés Subercaseaux","jerarquia":3},"geometry":{"type":"LineString","coordinates":[[-72.22938,-39.27392],[-72.22976,-39.27343]]}},{"type":"Feature","properties":{"nombre":"Camino Internacional Monseñor Francisco Valdés Subercaseaux","jerarquia":3},"geometry":{"type":"LineString","coordinates":[[-72.22947,-39.27389],[-72.22928,-39.27427]]}},{"type":"Feature","properties":{"nombre":"Camino Internacional Monseñor Francisco Valdés Subercaseaux","jerarquia":3},"geometry":{"type":"LineString","coordinates":[[-72.2305,-39.27272],[-72.23009,-39.27318]]}},{"type":"Feature","properties":{"nombre":"Camino Internacional Monseñor Francisco Valdés Subercaseaux","jerarquia":3},"geometry":{"type":"LineString","coordinates":[[-72.23056,-39.27252],[-72.2305,-39.27272]]}},{"type":"Feature","properties":{"nombre":"Camino Internacional Monseñor Francisco Valdés Subercaseaux","jerarquia":3},"geometry":{"type":"LineString","coordinates":[[-72.23009,-39.27318],[-72.22947,-39.27389]]}},{"type":"Feature","properties":{"nombre":"Camino Internacional Monseñor Francisco Valdés Subercaseaux","jerarquia":3},"geometry":{"type":"LineString","coordinates":[[-72.23031,-39.27288],[-72.23056,-39.27252]]}},{"type":"Feature","properties":{"nombre":"Camino Internacional Monseñor Francisco Valdés Subercaseaux","jerarquia":3},"geometry":{"type":"LineString","coordinates":[[-72.23004,-39.27316],[-72.23031,-39.27288]]}},{"type":"Feature","properties":{"nombre":"Camino Internacional Monseñor Francisco Valdés Subercaseaux","jerarquia":3},"geometry":{"type":"LineString","coordinates":[[-72.22928,-39.27427],[-72.22932,-39.27455]]}},{"type":"Feature","properties":{"nombre":"Camino Internacional Monseñor Francisco Valdés Subercaseaux","jerarquia":3},"geometry":{"type":"LineString","coordinates":[[-72.22976,-39.27343],[-72.23004,-39.27316]]}},{"type":"Feature","properties":{"nombre":"Segunda Faja","jerarquia":4},"geometry":{"type":"LineString","coordinates":[[-72.20431,-39.30887],[-72.2028,-39.30925]]}},{"type":"Feature","properties":{"nombre":"Segunda Faja","jerarquia":4},"geometry":{"type":"LineString","coordinates":[[-72.2028,-39.30925],[-72.20129,-39.30962]]}},{"type":"Feature","properties":{"nombre":"Segunda Faja","jerarquia":4},"geometry":{"type":"LineString","coordinates":[[-72.20129,-39.30962],[-72.19552,-39.31102]]}},{"type":"Feature","properties":{"nombre":"Segunda Faja","jerarquia":4},"geometry":{"type":"LineString","coordinates":[[-72.19552,-39.31102],[-72.19181,-39.3119]]}},{"type":"Feature","properties":{"nombre":"Segunda Faja","jerarquia":4},"geometry":{"type":"LineString","coordinates":[[-72.19181,-39.3119],[-72.18846,-39.31269]]}},{"type":"Feature","properties":{"nombre":"Segunda Faja","jerarquia":4},"geometry":{"type":"LineString","coordinates":[[-72.18846,-39.31269],[-72.18152,-39.31437],[-72.17199,-39.31687]]}},{"type":"Feature","properties":{"nombre":"Segunda Faja","jerarquia":4},"geometry":{"type":"LineString","coordinates":[[-72.17199,-39.31687],[-72.16603,-39.31834]]}},{"type":"Feature","properties":{"nombre":"Segunda Faja","jerarquia":4},"geometry":{"type":"LineString","coordinates":[[-72.16603,-39.31834],[-72.1654,-39.31849]]}},{"type":"Feature","properties":{"nombre":"Segunda Faja","jerarquia":4},"geometry":{"type":"LineString","coordinates":[[-72.1654,-39.31849],[-72.16531,-39.31851]]}},{"type":"Feature","properties":{"nombre":"Saturnino Epulef","jerarquia":3},"geometry":{"type":"LineString","coordinates":[[-72.21456,-39.2945],[-72.21596,-39.29451]]}},{"type":"Feature","properties":{"nombre":"Saturnino Epulef","jerarquia":3},"geometry":{"type":"LineString","coordinates":[[-72.21317,-39.29448],[-72.2136,-39.29449]]}},{"type":"Feature","properties":{"nombre":"Saturnino Epulef","jerarquia":3},"geometry":{"type":"LineString","coordinates":[[-72.21468,-39.29457],[-72.21333,-39.29456]]}},{"type":"Feature","properties":{"nombre":"Saturnino Epulef","jerarquia":3},"geometry":{"type":"LineString","coordinates":[[-72.21333,-39.29456],[-72.21317,-39.29456]]}},{"type":"Feature","properties":{"nombre":"Saturnino Epulef","jerarquia":3},"geometry":{"type":"LineString","coordinates":[[-72.21271,-39.29449],[-72.21291,-39.29449]]}},{"type":"Feature","properties":{"nombre":"Saturnino Epulef","jerarquia":3},"geometry":{"type":"LineString","coordinates":[[-72.21291,-39.29449],[-72.21317,-39.29448]]}},{"type":"Feature","properties":{"nombre":"Saturnino Epulef","jerarquia":3},"geometry":{"type":"LineString","coordinates":[[-72.21317,-39.29456],[-72.21152,-39.29457]]}},{"type":"Feature","properties":{"nombre":"Saturnino Epulef","jerarquia":3},"geometry":{"type":"LineString","coordinates":[[-72.21128,-39.29449],[-72.212,-39.29449]]}},{"type":"Feature","properties":{"nombre":"Saturnino Epulef","jerarquia":3},"geometry":{"type":"LineString","coordinates":[[-72.2193,-39.29298],[-72.21887,-39.29327],[-72.21858,-39.2934]]}},{"type":"Feature","properties":{"nombre":"Saturnino Epulef","jerarquia":3},"geometry":{"type":"LineString","coordinates":[[-72.2215,-39.29129],[-72.22156,-39.29125]]}},{"type":"Feature","properties":{"nombre":"Saturnino Epulef","jerarquia":3},"geometry":{"type":"LineString","coordinates":[[-72.22156,-39.29125],[-72.22177,-39.29112]]}},{"type":"Feature","properties":{"nombre":"Saturnino Epulef","jerarquia":3},"geometry":{"type":"LineString","coordinates":[[-72.22177,-39.29112],[-72.22155,-39.29134]]}},{"type":"Feature","properties":{"nombre":"","jerarquia":3},"geometry":{"type":"LineString","coordinates":[[-72.22063,-39.292],[-72.22056,-39.29195]]}},{"type":"Feature","properties":{"nombre":"","jerarquia":3},"geometry":{"type":"LineString","coordinates":[[-72.21992,-39.29252],[-72.21985,-39.29248]]}},{"type":"Feature","properties":{"nombre":"Saturnino Epulef","jerarquia":3},"geometry":{"type":"LineString","coordinates":[[-72.22056,-39.29195],[-72.2215,-39.29129]]}},{"type":"Feature","properties":{"nombre":"Saturnino Epulef","jerarquia":3},"geometry":{"type":"LineString","coordinates":[[-72.21985,-39.29248],[-72.22019,-39.29221]]}},{"type":"Feature","properties":{"nombre":"Saturnino Epulef","jerarquia":3},"geometry":{"type":"LineString","coordinates":[[-72.22019,-39.29221],[-72.22056,-39.29195]]}},{"type":"Feature","properties":{"nombre":"Saturnino Epulef","jerarquia":3},"geometry":{"type":"LineString","coordinates":[[-72.22155,-39.29134],[-72.22063,-39.292]]}},{"type":"Feature","properties":{"nombre":"Saturnino Epulef","jerarquia":3},"geometry":{"type":"LineString","coordinates":[[-72.22063,-39.292],[-72.22026,-39.29227]]}},{"type":"Feature","properties":{"nombre":"Aviador Acevedo","jerarquia":3},"geometry":{"type":"LineString","coordinates":[[-72.22973,-39.29078],[-72.22956,-39.29062]]}},{"type":"Feature","properties":{"nombre":"Aviador Acevedo","jerarquia":3},"geometry":{"type":"LineString","coordinates":[[-72.22979,-39.29075],[-72.23001,-39.29094]]}},{"type":"Feature","properties":{"nombre":"Aviador Acevedo","jerarquia":3},"geometry":{"type":"LineString","coordinates":[[-72.22956,-39.29062],[-72.22979,-39.29075]]}},{"type":"Feature","properties":{"nombre":"Avenida Costanera","jerarquia":4},"geometry":{"type":"LineString","coordinates":[[-72.2181,-39.29051],[-72.21858,-39.29019]]}},{"type":"Feature","properties":{"nombre":"Avenida Costanera","jerarquia":4},"geometry":{"type":"LineString","coordinates":[[-72.21731,-39.29101],[-72.2181,-39.29051]]}},{"type":"Feature","properties":{"nombre":"Avenida Costanera","jerarquia":4},"geometry":{"type":"LineString","coordinates":[[-72.21671,-39.29129],[-72.21731,-39.29101]]}},{"type":"Feature","properties":{"nombre":"Avenida Costanera","jerarquia":4},"geometry":{"type":"LineString","coordinates":[[-72.21487,-39.29191],[-72.21525,-39.29174],[-72.21614,-39.29151],[-72.21671,-39.29129]]}},{"type":"Feature","properties":{"nombre":"Avenida Costanera","jerarquia":4},"geometry":{"type":"LineString","coordinates":[[-72.21446,-39.29222],[-72.21422,-39.29239]]}},{"type":"Feature","properties":{"nombre":"Avenida Costanera","jerarquia":4},"geometry":{"type":"LineString","coordinates":[[-72.21392,-39.29226],[-72.21438,-39.2921]]}},{"type":"Feature","properties":{"nombre":"Saturnino Epulef","jerarquia":3},"geometry":{"type":"LineString","coordinates":[[-72.22177,-39.29112],[-72.22193,-39.29102]]}},{"type":"Feature","properties":{"nombre":"Saturnino Epulef","jerarquia":3},"geometry":{"type":"LineString","coordinates":[[-72.22193,-39.29102],[-72.22218,-39.29083]]}},{"type":"Feature","properties":{"nombre":"Avenida Costanera","jerarquia":4},"geometry":{"type":"LineString","coordinates":[[-72.2198,-39.28878],[-72.21988,-39.28858]]}},{"type":"Feature","properties":{"nombre":"Avenida Costanera","jerarquia":4},"geometry":{"type":"LineString","coordinates":[[-72.21957,-39.28912],[-72.2198,-39.28878]]}},{"type":"Feature","properties":{"nombre":"Avenida Costanera","jerarquia":4},"geometry":{"type":"LineString","coordinates":[[-72.22173,-39.28417],[-72.22176,-39.2841]]}},{"type":"Feature","properties":{"nombre":"Avenida Costanera","jerarquia":4},"geometry":{"type":"LineString","coordinates":[[-72.22176,-39.2841],[-72.22183,-39.28394]]}},{"type":"Feature","properties":{"nombre":"Avenida Costanera","jerarquia":4},"geometry":{"type":"LineString","coordinates":[[-72.22183,-39.28394],[-72.22189,-39.28302],[-72.22197,-39.28269]]}},{"type":"Feature","properties":{"nombre":"Avenida Costanera","jerarquia":4},"geometry":{"type":"LineString","coordinates":[[-72.22022,-39.28739],[-72.22055,-39.28679]]}},{"type":"Feature","properties":{"nombre":"Avenida Costanera","jerarquia":4},"geometry":{"type":"LineString","coordinates":[[-72.21858,-39.29019],[-72.21914,-39.28965],[-72.21957,-39.28912]]}},{"type":"Feature","properties":{"nombre":"Avenida Costanera","jerarquia":4},"geometry":{"type":"LineString","coordinates":[[-72.22133,-39.28503],[-72.22137,-39.28496]]}},{"type":"Feature","properties":{"nombre":"Avenida Costanera","jerarquia":4},"geometry":{"type":"LineString","coordinates":[[-72.22137,-39.28496],[-72.22146,-39.28477]]}},{"type":"Feature","properties":{"nombre":"Avenida Costanera","jerarquia":4},"geometry":{"type":"LineString","coordinates":[[-72.22112,-39.2855],[-72.22133,-39.28503]]}},{"type":"Feature","properties":{"nombre":"Avenida Costanera","jerarquia":4},"geometry":{"type":"LineString","coordinates":[[-72.22146,-39.28477],[-72.22173,-39.28417]]}},{"type":"Feature","properties":{"nombre":"Avenida Costanera","jerarquia":4},"geometry":{"type":"LineString","coordinates":[[-72.22104,-39.2857],[-72.22112,-39.2855]]}},{"type":"Feature","properties":{"nombre":"Avenida Costanera","jerarquia":4},"geometry":{"type":"LineString","coordinates":[[-72.22066,-39.28654],[-72.22104,-39.2857]]}},{"type":"Feature","properties":{"nombre":"Avenida Costanera","jerarquia":4},"geometry":{"type":"LineString","coordinates":[[-72.22055,-39.28679],[-72.2206,-39.28668]]}},{"type":"Feature","properties":{"nombre":"Avenida Costanera","jerarquia":4},"geometry":{"type":"LineString","coordinates":[[-72.2206,-39.28668],[-72.22066,-39.28654]]}},{"type":"Feature","properties":{"nombre":"General Basilio Urrutia","jerarquia":4},"geometry":{"type":"LineString","coordinates":[[-72.22218,-39.28245],[-72.22323,-39.28175]]}},{"type":"Feature","properties":{"nombre":"General Basilio Urrutia","jerarquia":4},"geometry":{"type":"LineString","coordinates":[[-72.22323,-39.28175],[-72.22417,-39.28111]]}},{"type":"Feature","properties":{"nombre":"General Basilio Urrutia","jerarquia":4},"geometry":{"type":"LineString","coordinates":[[-72.22417,-39.28111],[-72.22428,-39.28104]]}},{"type":"Feature","properties":{"nombre":"Colo Colo","jerarquia":4},"geometry":{"type":"LineString","coordinates":[[-72.22662,-39.29349],[-72.22651,-39.29315]]}},{"type":"Feature","properties":{"nombre":"Colo Colo","jerarquia":4},"geometry":{"type":"LineString","coordinates":[[-72.22651,-39.29315],[-72.2264,-39.29279]]}},{"type":"Feature","properties":{"nombre":"Colo Colo","jerarquia":4},"geometry":{"type":"LineString","coordinates":[[-72.2264,-39.29279],[-72.22627,-39.29233]]}},{"type":"Feature","properties":{"nombre":"Colo Colo","jerarquia":4},"geometry":{"type":"LineString","coordinates":[[-72.22627,-39.29233],[-72.22593,-39.29122]]}},{"type":"Feature","properties":{"nombre":"Colo Colo","jerarquia":4},"geometry":{"type":"LineString","coordinates":[[-72.22593,-39.29122],[-72.22593,-39.29116]]}},{"type":"Feature","properties":{"nombre":"Colo Colo","jerarquia":4},"geometry":{"type":"LineString","coordinates":[[-72.22593,-39.29116],[-72.22539,-39.29036]]}},{"type":"Feature","properties":{"nombre":"Colo Colo","jerarquia":4},"geometry":{"type":"LineString","coordinates":[[-72.22539,-39.29036],[-72.22527,-39.29018]]}},{"type":"Feature","properties":{"nombre":"Colo Colo","jerarquia":4},"geometry":{"type":"LineString","coordinates":[[-72.22527,-39.29018],[-72.22512,-39.28996]]}},{"type":"Feature","properties":{"nombre":"Colo Colo","jerarquia":4},"geometry":{"type":"LineString","coordinates":[[-72.22512,-39.28996],[-72.22455,-39.28919]]}},{"type":"Feature","properties":{"nombre":"Aviador Acevedo","jerarquia":3},"geometry":{"type":"LineString","coordinates":[[-72.22644,-39.28787],[-72.22652,-39.28794]]}},{"type":"Feature","properties":{"nombre":"Aviador Acevedo","jerarquia":3},"geometry":{"type":"LineString","coordinates":[[-72.22652,-39.28794],[-72.2274,-39.28871]]}},{"type":"Feature","properties":{"nombre":"Saturnino Epulef","jerarquia":3},"geometry":{"type":"LineString","coordinates":[[-72.22535,-39.28863],[-72.22637,-39.28792]]}},{"type":"Feature","properties":{"nombre":"Saturnino Epulef","jerarquia":3},"geometry":{"type":"LineString","coordinates":[[-72.22637,-39.28792],[-72.22644,-39.28787]]}},{"type":"Feature","properties":{"nombre":"","jerarquia":5},"geometry":{"type":"LineString","coordinates":[[-72.22295,-39.2865],[-72.22287,-39.28643]]}},{"type":"Feature","properties":{"nombre":"","jerarquia":5},"geometry":{"type":"LineString","coordinates":[[-72.2224,-39.28674],[-72.22248,-39.28682]]}},{"type":"Feature","properties":{"nombre":"Avenida Pedro de Valdivia","jerarquia":3},"geometry":{"type":"LineString","coordinates":[[-72.22399,-39.28572],[-72.22413,-39.28556],[-72.22498,-39.28492]]}},{"type":"Feature","properties":{"nombre":"","jerarquia":5},"geometry":{"type":"LineString","coordinates":[[-72.2236,-39.28607],[-72.22352,-39.286]]}},{"type":"Feature","properties":{"nombre":"Avenida Pedro de Valdivia","jerarquia":3},"geometry":{"type":"LineString","coordinates":[[-72.23604,-39.27742],[-72.23582,-39.27756]]}},{"type":"Feature","properties":{"nombre":"Avenida Pedro de Valdivia","jerarquia":3},"geometry":{"type":"LineString","coordinates":[[-72.23573,-39.27748],[-72.23606,-39.27725]]}},{"type":"Feature","properties":{"nombre":"Avenida Pedro de Valdivia","jerarquia":3},"geometry":{"type":"LineString","coordinates":[[-72.23451,-39.27832],[-72.23481,-39.27812]]}},{"type":"Feature","properties":{"nombre":"Avenida Pedro de Valdivia","jerarquia":3},"geometry":{"type":"LineString","coordinates":[[-72.23481,-39.27812],[-72.23518,-39.27786]]}},{"type":"Feature","properties":{"nombre":"Avenida Pedro de Valdivia","jerarquia":3},"geometry":{"type":"LineString","coordinates":[[-72.23518,-39.27786],[-72.23573,-39.27748]]}},{"type":"Feature","properties":{"nombre":"Avenida Pedro de Valdivia","jerarquia":3},"geometry":{"type":"LineString","coordinates":[[-72.23615,-39.27734],[-72.23604,-39.27742]]}},{"type":"Feature","properties":{"nombre":"Avenida Pedro de Valdivia","jerarquia":3},"geometry":{"type":"LineString","coordinates":[[-72.23582,-39.27756],[-72.23527,-39.27795]]}},{"type":"Feature","properties":{"nombre":"Avenida Pedro de Valdivia","jerarquia":3},"geometry":{"type":"LineString","coordinates":[[-72.23527,-39.27795],[-72.2349,-39.2782]]}},{"type":"Feature","properties":{"nombre":"Avenida Pedro de Valdivia","jerarquia":3},"geometry":{"type":"LineString","coordinates":[[-72.2349,-39.2782],[-72.23449,-39.27849]]}},{"type":"Feature","properties":{"nombre":"Avenida Pedro de Valdivia","jerarquia":3},"geometry":{"type":"LineString","coordinates":[[-72.23449,-39.27849],[-72.23386,-39.27892]]}},{"type":"Feature","properties":{"nombre":"Avenida Pedro de Valdivia","jerarquia":3},"geometry":{"type":"LineString","coordinates":[[-72.23386,-39.27892],[-72.23358,-39.27912]]}},{"type":"Feature","properties":{"nombre":"Avenida Pedro de Valdivia","jerarquia":3},"geometry":{"type":"LineString","coordinates":[[-72.23358,-39.27912],[-72.23345,-39.27921]]}},{"type":"Feature","properties":{"nombre":"Avenida Pedro de Valdivia","jerarquia":3},"geometry":{"type":"LineString","coordinates":[[-72.23651,-39.27709],[-72.23615,-39.27734]]}},{"type":"Feature","properties":{"nombre":"Avenida Pedro de Valdivia","jerarquia":3},"geometry":{"type":"LineString","coordinates":[[-72.23954,-39.27417],[-72.23983,-39.27388]]}},{"type":"Feature","properties":{"nombre":"Avenida Pedro de Valdivia","jerarquia":3},"geometry":{"type":"LineString","coordinates":[[-72.23904,-39.27478],[-72.23954,-39.27417]]}},{"type":"Feature","properties":{"nombre":"Avenida Pedro de Valdivia","jerarquia":3},"geometry":{"type":"LineString","coordinates":[[-72.23434,-39.27844],[-72.2344,-39.27841]]}},{"type":"Feature","properties":{"nombre":"Avenida Pedro de Valdivia","jerarquia":3},"geometry":{"type":"LineString","coordinates":[[-72.2344,-39.27841],[-72.23451,-39.27832]]}},{"type":"Feature","properties":{"nombre":"Avenida Pedro de Valdivia","jerarquia":3},"geometry":{"type":"LineString","coordinates":[[-72.23335,-39.27913],[-72.23425,-39.27851]]}},{"type":"Feature","properties":{"nombre":"Avenida Pedro de Valdivia","jerarquia":3},"geometry":{"type":"LineString","coordinates":[[-72.23425,-39.27851],[-72.23434,-39.27844]]}},{"type":"Feature","properties":{"nombre":"General Basilio Urrutia","jerarquia":4},"geometry":{"type":"LineString","coordinates":[[-72.2295,-39.27742],[-72.23048,-39.27673]]}},{"type":"Feature","properties":{"nombre":"General Basilio Urrutia","jerarquia":4},"geometry":{"type":"LineString","coordinates":[[-72.23048,-39.27673],[-72.23056,-39.27667]]}},{"type":"Feature","properties":{"nombre":"Avenida José Miguel Carrera","jerarquia":3},"geometry":{"type":"LineString","coordinates":[[-72.22984,-39.27604],[-72.23047,-39.27659]]}},{"type":"Feature","properties":{"nombre":"Avenida José Miguel Carrera","jerarquia":3},"geometry":{"type":"LineString","coordinates":[[-72.23047,-39.27659],[-72.23056,-39.27667]]}},{"type":"Feature","properties":{"nombre":"Avenida José Miguel Carrera","jerarquia":3},"geometry":{"type":"LineString","coordinates":[[-72.22964,-39.27587],[-72.22984,-39.27604]]}},{"type":"Feature","properties":{"nombre":"Avenida Pedro de Valdivia","jerarquia":3},"geometry":{"type":"LineString","coordinates":[[-72.22878,-39.2823],[-72.22908,-39.28209]]}},{"type":"Feature","properties":{"nombre":"Avenida Pedro de Valdivia","jerarquia":3},"geometry":{"type":"LineString","coordinates":[[-72.22812,-39.28275],[-72.22878,-39.2823]]}},{"type":"Feature","properties":{"nombre":"Avenida Pedro de Valdivia","jerarquia":3},"geometry":{"type":"LineString","coordinates":[[-72.22832,-39.28273],[-72.22826,-39.28277]]}},{"type":"Feature","properties":{"nombre":"Avenida Pedro de Valdivia","jerarquia":3},"geometry":{"type":"LineString","coordinates":[[-72.22826,-39.28277],[-72.2282,-39.28282]]}},{"type":"Feature","properties":{"nombre":"Avenida Pedro de Valdivia","jerarquia":3},"geometry":{"type":"LineString","coordinates":[[-72.2288,-39.28241],[-72.22832,-39.28273]]}},{"type":"Feature","properties":{"nombre":"Pedro Montt","jerarquia":4},"geometry":{"type":"LineString","coordinates":[[-72.2252,-39.28185],[-72.22436,-39.28111]]}},{"type":"Feature","properties":{"nombre":"Pedro Montt","jerarquia":4},"geometry":{"type":"LineString","coordinates":[[-72.22436,-39.28111],[-72.22428,-39.28104]]}},{"type":"Feature","properties":{"nombre":"Pedro Montt","jerarquia":4},"geometry":{"type":"LineString","coordinates":[[-72.22705,-39.28348],[-72.22612,-39.28266]]}},{"type":"Feature","properties":{"nombre":"Camilo Henríquez","jerarquia":4},"geometry":{"type":"LineString","coordinates":[[-72.22718,-39.28193],[-72.22807,-39.2827]]}},{"type":"Feature","properties":{"nombre":"Camilo Henríquez","jerarquia":4},"geometry":{"type":"LineString","coordinates":[[-72.22807,-39.2827],[-72.22812,-39.28275]]}},{"type":"Feature","properties":{"nombre":"Avenida Presidente Juan Antonio Ríos","jerarquia":3},"geometry":{"type":"LineString","coordinates":[[-72.23045,-39.29145],[-72.23042,-39.29151]]}},{"type":"Feature","properties":{"nombre":"Avenida Presidente Juan Antonio Ríos","jerarquia":3},"geometry":{"type":"LineString","coordinates":[[-72.23042,-39.29151],[-72.23033,-39.29166]]}},{"type":"Feature","properties":{"nombre":"Colo Colo","jerarquia":3},"geometry":{"type":"LineString","coordinates":[[-72.23337,-39.30119],[-72.23348,-39.30146]]}},{"type":"Feature","properties":{"nombre":"Ruta S-95-T","jerarquia":3},"geometry":{"type":"LineString","coordinates":[[-72.23343,-39.30225],[-72.23341,-39.30236]]}},{"type":"Feature","properties":{"nombre":"Ruta S-95-T","jerarquia":3},"geometry":{"type":"LineString","coordinates":[[-72.23341,-39.30236],[-72.23339,-39.30244]]}},{"type":"Feature","properties":{"nombre":"Ruta S-95-T","jerarquia":3},"geometry":{"type":"LineString","coordinates":[[-72.23145,-39.3127],[-72.23094,-39.31366]]}},{"type":"Feature","properties":{"nombre":"Camino Cancha Aviación - Relún","jerarquia":5},"geometry":{"type":"LineString","coordinates":[[-72.23094,-39.31366],[-72.231,-39.31386]]}},{"type":"Feature","properties":{"nombre":"Camino Cancha Aviación - Relún","jerarquia":5},"geometry":{"type":"LineString","coordinates":[[-72.231,-39.31386],[-72.23106,-39.31405]]}},{"type":"Feature","properties":{"nombre":"Camino Cancha Aviación - Relún","jerarquia":5},"geometry":{"type":"LineString","coordinates":[[-72.23106,-39.31405],[-72.23115,-39.31435],[-72.23135,-39.3147],[-72.23167,-39.31503],[-72.23245,-39.31562]]}},{"type":"Feature","properties":{"nombre":"Camino Cancha Aviación - Relún","jerarquia":5},"geometry":{"type":"LineString","coordinates":[[-72.23245,-39.31562],[-72.23283,-39.31592]]}},{"type":"Feature","properties":{"nombre":"Ruta S-95-T","jerarquia":3},"geometry":{"type":"LineString","coordinates":[[-72.23094,-39.31366],[-72.22993,-39.31566]]}},{"type":"Feature","properties":{"nombre":"Camino Llau Lllau - El Pirao","jerarquia":5},"geometry":{"type":"LineString","coordinates":[[-72.23274,-39.31017],[-72.23251,-39.3102]]}},{"type":"Feature","properties":{"nombre":"Ruta S-95-T","jerarquia":3},"geometry":{"type":"LineString","coordinates":[[-72.23267,-39.31048],[-72.23255,-39.31073]]}},{"type":"Feature","properties":{"nombre":"Ruta S-95-T","jerarquia":3},"geometry":{"type":"LineString","coordinates":[[-72.23274,-39.31017],[-72.23267,-39.31048]]}},{"type":"Feature","properties":{"nombre":"Ruta S-95-T","jerarquia":3},"geometry":{"type":"LineString","coordinates":[[-72.23274,-39.30995],[-72.23274,-39.31017]]}},{"type":"Feature","properties":{"nombre":"Ruta S-95-T","jerarquia":3},"geometry":{"type":"LineString","coordinates":[[-72.23275,-39.30975],[-72.23274,-39.30995]]}},{"type":"Feature","properties":{"nombre":"Ruta S-95-T","jerarquia":3},"geometry":{"type":"LineString","coordinates":[[-72.23279,-39.30604],[-72.23278,-39.30644]]}},{"type":"Feature","properties":{"nombre":"Ruta S-95-T","jerarquia":3},"geometry":{"type":"LineString","coordinates":[[-72.23286,-39.30556],[-72.2328,-39.30593]]}},{"type":"Feature","properties":{"nombre":"Ruta S-95-T","jerarquia":3},"geometry":{"type":"LineString","coordinates":[[-72.23278,-39.30644],[-72.23281,-39.30713]]}},{"type":"Feature","properties":{"nombre":"Ruta S-95-T","jerarquia":3},"geometry":{"type":"LineString","coordinates":[[-72.23339,-39.30244],[-72.23337,-39.30255]]}},{"type":"Feature","properties":{"nombre":"Ruta S-95-T","jerarquia":3},"geometry":{"type":"LineString","coordinates":[[-72.23337,-39.30255],[-72.23331,-39.30292]]}},{"type":"Feature","properties":{"nombre":"Ruta S-95-T","jerarquia":3},"geometry":{"type":"LineString","coordinates":[[-72.23331,-39.30292],[-72.23297,-39.3049]]}},{"type":"Feature","properties":{"nombre":"Ruta S-95-T","jerarquia":3},"geometry":{"type":"LineString","coordinates":[[-72.23281,-39.30713],[-72.23275,-39.30975]]}},{"type":"Feature","properties":{"nombre":"Segunda Faja","jerarquia":4},"geometry":{"type":"LineString","coordinates":[[-72.22189,-39.30452],[-72.22304,-39.30423]]}},{"type":"Feature","properties":{"nombre":"Segunda Faja","jerarquia":4},"geometry":{"type":"LineString","coordinates":[[-72.22304,-39.30423],[-72.22349,-39.30412]]}},{"type":"Feature","properties":{"nombre":"Segunda Faja","jerarquia":4},"geometry":{"type":"LineString","coordinates":[[-72.22349,-39.30412],[-72.22393,-39.30402]]}},{"type":"Feature","properties":{"nombre":"Segunda Faja","jerarquia":4},"geometry":{"type":"LineString","coordinates":[[-72.22709,-39.30325],[-72.22781,-39.30307]]}},{"type":"Feature","properties":{"nombre":"Segunda Faja","jerarquia":4},"geometry":{"type":"LineString","coordinates":[[-72.22781,-39.30307],[-72.2291,-39.30277]]}},{"type":"Feature","properties":{"nombre":"Segunda Faja","jerarquia":4},"geometry":{"type":"LineString","coordinates":[[-72.2291,-39.30277],[-72.23009,-39.30248]]}},{"type":"Feature","properties":{"nombre":"Segunda Faja","jerarquia":4},"geometry":{"type":"LineString","coordinates":[[-72.23009,-39.30248],[-72.2309,-39.30227]]}},{"type":"Feature","properties":{"nombre":"Segunda Faja","jerarquia":4},"geometry":{"type":"LineString","coordinates":[[-72.2309,-39.30227],[-72.23138,-39.30219]]}},{"type":"Feature","properties":{"nombre":"Segunda Faja","jerarquia":4},"geometry":{"type":"LineString","coordinates":[[-72.23138,-39.30219],[-72.23204,-39.3022]]}},{"type":"Feature","properties":{"nombre":"Segunda Faja","jerarquia":4},"geometry":{"type":"LineString","coordinates":[[-72.23204,-39.3022],[-72.23298,-39.30228]]}},{"type":"Feature","properties":{"nombre":"Segunda Faja","jerarquia":4},"geometry":{"type":"LineString","coordinates":[[-72.23298,-39.30228],[-72.23323,-39.3023]]}},{"type":"Feature","properties":{"nombre":"Segunda Faja","jerarquia":4},"geometry":{"type":"LineString","coordinates":[[-72.23323,-39.3023],[-72.23341,-39.30236]]}},{"type":"Feature","properties":{"nombre":"Segunda Faja","jerarquia":4},"geometry":{"type":"LineString","coordinates":[[-72.22397,-39.30412],[-72.22353,-39.30423]]}},{"type":"Feature","properties":{"nombre":"Segunda Faja","jerarquia":4},"geometry":{"type":"LineString","coordinates":[[-72.22353,-39.30423],[-72.22311,-39.30433]]}},{"type":"Feature","properties":{"nombre":"Segunda Faja","jerarquia":4},"geometry":{"type":"LineString","coordinates":[[-72.22311,-39.30433],[-72.22269,-39.30444]]}},{"type":"Feature","properties":{"nombre":"Segunda Faja","jerarquia":4},"geometry":{"type":"LineString","coordinates":[[-72.22269,-39.30444],[-72.22227,-39.30455]]}},{"type":"Feature","properties":{"nombre":"Segunda Faja","jerarquia":4},"geometry":{"type":"LineString","coordinates":[[-72.22227,-39.30455],[-72.22184,-39.30465]]}},{"type":"Feature","properties":{"nombre":"Segunda Faja","jerarquia":4},"geometry":{"type":"LineString","coordinates":[[-72.22184,-39.30465],[-72.22141,-39.30476]]}},{"type":"Feature","properties":{"nombre":"Segunda Faja","jerarquia":4},"geometry":{"type":"LineString","coordinates":[[-72.22141,-39.30476],[-72.221,-39.30486]]}},{"type":"Feature","properties":{"nombre":"Segunda Faja","jerarquia":4},"geometry":{"type":"LineString","coordinates":[[-72.221,-39.30486],[-72.22063,-39.30496]]}},{"type":"Feature","properties":{"nombre":"Camino Huiscapi - Ñancul","jerarquia":5},"geometry":{"type":"LineString","coordinates":[[-72.30826,-39.28285],[-72.30888,-39.28443]]}},{"type":"Feature","properties":{"nombre":"Camino Llau Lllau - El Pirao","jerarquia":5},"geometry":{"type":"LineString","coordinates":[[-72.22552,-39.31388],[-72.22383,-39.31498]]}},{"type":"Feature","properties":{"nombre":"Camino Llau Lllau - El Pirao","jerarquia":5},"geometry":{"type":"LineString","coordinates":[[-72.23251,-39.3102],[-72.23095,-39.31072],[-72.23038,-39.31102],[-72.22668,-39.31316]]}},{"type":"Feature","properties":{"nombre":"Camino Llau Lllau - El Pirao","jerarquia":5},"geometry":{"type":"LineString","coordinates":[[-72.22668,-39.31316],[-72.22552,-39.31388]]}},{"type":"Feature","properties":{"nombre":"Avenida José Miguel Carrera","jerarquia":3},"geometry":{"type":"LineString","coordinates":[[-72.23072,-39.27682],[-72.23094,-39.27701]]}},{"type":"Feature","properties":{"nombre":"Manuel Antonio Matta","jerarquia":5},"geometry":{"type":"LineString","coordinates":[[-72.22847,-39.27975],[-72.22845,-39.27973]]}},{"type":"Feature","properties":{"nombre":"Manuel Antonio Matta","jerarquia":5},"geometry":{"type":"LineString","coordinates":[[-72.22845,-39.27973],[-72.22836,-39.27965]]}},{"type":"Feature","properties":{"nombre":"Manuel Antonio Matta","jerarquia":5},"geometry":{"type":"LineString","coordinates":[[-72.22836,-39.27965],[-72.22747,-39.27889]]}},{"type":"Feature","properties":{"nombre":"Manuel Antonio Matta","jerarquia":5},"geometry":{"type":"LineString","coordinates":[[-72.22747,-39.27889],[-72.22743,-39.27886]]}},{"type":"Feature","properties":{"nombre":"Manuel Antonio Matta","jerarquia":5},"geometry":{"type":"LineString","coordinates":[[-72.2292,-39.28038],[-72.22847,-39.27975]]}},{"type":"Feature","properties":{"nombre":"Manuel Antonio Matta","jerarquia":5},"geometry":{"type":"LineString","coordinates":[[-72.2294,-39.28056],[-72.2293,-39.28047]]}},{"type":"Feature","properties":{"nombre":"Manuel Antonio Matta","jerarquia":5},"geometry":{"type":"LineString","coordinates":[[-72.2293,-39.28047],[-72.2292,-39.28038]]}},{"type":"Feature","properties":{"nombre":"Manuel Antonio Matta","jerarquia":5},"geometry":{"type":"LineString","coordinates":[[-72.23016,-39.28121],[-72.2294,-39.28056]]}},{"type":"Feature","properties":{"nombre":"Anfión Muñoz","jerarquia":5},"geometry":{"type":"LineString","coordinates":[[-72.22641,-39.27957],[-72.22733,-39.28038]]}},{"type":"Feature","properties":{"nombre":"Anfión Muñoz","jerarquia":5},"geometry":{"type":"LineString","coordinates":[[-72.22733,-39.28038],[-72.22825,-39.28119]]}},{"type":"Feature","properties":{"nombre":"Anfión Muñoz","jerarquia":5},"geometry":{"type":"LineString","coordinates":[[-72.22825,-39.28119],[-72.22913,-39.28196]]}},{"type":"Feature","properties":{"nombre":"Anfión Muñoz","jerarquia":5},"geometry":{"type":"LineString","coordinates":[[-72.22913,-39.28196],[-72.22919,-39.28202]]}},{"type":"Feature","properties":{"nombre":"Camilo Henríquez","jerarquia":4},"geometry":{"type":"LineString","coordinates":[[-72.22812,-39.28275],[-72.2282,-39.28282]]}},{"type":"Feature","properties":{"nombre":"Avenida Costanera","jerarquia":4},"geometry":{"type":"LineString","coordinates":[[-72.21317,-39.29448],[-72.21317,-39.29441]]}},{"type":"Feature","properties":{"nombre":"Avenida Costanera","jerarquia":4},"geometry":{"type":"LineString","coordinates":[[-72.21317,-39.29441],[-72.21316,-39.29431]]}},{"type":"Feature","properties":{"nombre":"Avenida Costanera","jerarquia":4},"geometry":{"type":"LineString","coordinates":[[-72.21316,-39.29431],[-72.21315,-39.29418]]}},{"type":"Feature","properties":{"nombre":"Saturnino Epulef","jerarquia":3},"geometry":{"type":"LineString","coordinates":[[-72.212,-39.29449],[-72.21271,-39.29449]]}},{"type":"Feature","properties":{"nombre":"Segunda Faja","jerarquia":4},"geometry":{"type":"LineString","coordinates":[[-72.21411,-39.30644],[-72.21435,-39.30638]]}},{"type":"Feature","properties":{"nombre":"Segunda Faja","jerarquia":4},"geometry":{"type":"LineString","coordinates":[[-72.21435,-39.30638],[-72.21444,-39.30636]]}},{"type":"Feature","properties":{"nombre":"Segunda Faja","jerarquia":4},"geometry":{"type":"LineString","coordinates":[[-72.21444,-39.30636],[-72.21471,-39.30629]]}},{"type":"Feature","properties":{"nombre":"Segunda Faja","jerarquia":4},"geometry":{"type":"LineString","coordinates":[[-72.21471,-39.30629],[-72.21922,-39.30518]]}},{"type":"Feature","properties":{"nombre":"Avenida Pedro de Valdivia","jerarquia":3},"geometry":{"type":"LineString","coordinates":[[-72.23757,-39.27636],[-72.2371,-39.27669]]}},{"type":"Feature","properties":{"nombre":"Avenida Pedro de Valdivia","jerarquia":3},"geometry":{"type":"LineString","coordinates":[[-72.2371,-39.27669],[-72.23651,-39.27709]]}},{"type":"Feature","properties":{"nombre":"","jerarquia":3},"geometry":{"type":"LineString","coordinates":[[-72.2371,-39.27669],[-72.23701,-39.2766]]}},{"type":"Feature","properties":{"nombre":"","jerarquia":3},"geometry":{"type":"LineString","coordinates":[[-72.23789,-39.27613],[-72.23778,-39.27604]]}},{"type":"Feature","properties":{"nombre":"Isabel Riquelme","jerarquia":4},"geometry":{"type":"LineString","coordinates":[[-72.23972,-39.27376],[-72.23986,-39.2737]]}},{"type":"Feature","properties":{"nombre":"Isabel Riquelme","jerarquia":4},"geometry":{"type":"LineString","coordinates":[[-72.23986,-39.2737],[-72.24006,-39.2736]]}},{"type":"Feature","properties":{"nombre":"Avenida Pedro de Valdivia","jerarquia":3},"geometry":{"type":"LineString","coordinates":[[-72.23983,-39.27388],[-72.23962,-39.27421]]}},{"type":"Feature","properties":{"nombre":"Segunda Faja","jerarquia":4},"geometry":{"type":"LineString","coordinates":[[-72.22063,-39.30496],[-72.22025,-39.30505]]}},{"type":"Feature","properties":{"nombre":"Segunda Faja","jerarquia":4},"geometry":{"type":"LineString","coordinates":[[-72.22025,-39.30505],[-72.21986,-39.30515]]}},{"type":"Feature","properties":{"nombre":"Segunda Faja","jerarquia":4},"geometry":{"type":"LineString","coordinates":[[-72.21986,-39.30515],[-72.21948,-39.30524]]}},{"type":"Feature","properties":{"nombre":"Segunda Faja","jerarquia":4},"geometry":{"type":"LineString","coordinates":[[-72.21948,-39.30524],[-72.21862,-39.30546]]}},{"type":"Feature","properties":{"nombre":"Segunda Faja","jerarquia":4},"geometry":{"type":"LineString","coordinates":[[-72.21862,-39.30546],[-72.21825,-39.30555]]}},{"type":"Feature","properties":{"nombre":"Segunda Faja","jerarquia":4},"geometry":{"type":"LineString","coordinates":[[-72.21825,-39.30555],[-72.21786,-39.30564]]}},{"type":"Feature","properties":{"nombre":"Segunda Faja","jerarquia":4},"geometry":{"type":"LineString","coordinates":[[-72.21786,-39.30564],[-72.21744,-39.30575]]}},{"type":"Feature","properties":{"nombre":"Segunda Faja","jerarquia":4},"geometry":{"type":"LineString","coordinates":[[-72.21744,-39.30575],[-72.21615,-39.30607]]}},{"type":"Feature","properties":{"nombre":"Segunda Faja","jerarquia":4},"geometry":{"type":"LineString","coordinates":[[-72.20645,-39.30837],[-72.20482,-39.30874]]}},{"type":"Feature","properties":{"nombre":"Segunda Faja","jerarquia":4},"geometry":{"type":"LineString","coordinates":[[-72.20482,-39.30874],[-72.20431,-39.30887]]}},{"type":"Feature","properties":{"nombre":"Segunda Faja","jerarquia":4},"geometry":{"type":"LineString","coordinates":[[-72.2261,-39.3036],[-72.22542,-39.30377]]}},{"type":"Feature","properties":{"nombre":"Segunda Faja","jerarquia":4},"geometry":{"type":"LineString","coordinates":[[-72.22542,-39.30377],[-72.225,-39.30387]]}},{"type":"Feature","properties":{"nombre":"Segunda Faja","jerarquia":4},"geometry":{"type":"LineString","coordinates":[[-72.225,-39.30387],[-72.22457,-39.30397]]}},{"type":"Feature","properties":{"nombre":"Segunda Faja","jerarquia":4},"geometry":{"type":"LineString","coordinates":[[-72.22457,-39.30397],[-72.22397,-39.30412]]}},{"type":"Feature","properties":{"nombre":"Segunda Faja","jerarquia":4},"geometry":{"type":"LineString","coordinates":[[-72.23202,-39.30233],[-72.23157,-39.30231],[-72.23113,-39.30236],[-72.22914,-39.30288]]}},{"type":"Feature","properties":{"nombre":"Segunda Faja","jerarquia":4},"geometry":{"type":"LineString","coordinates":[[-72.22914,-39.30288],[-72.22625,-39.30356]]}},{"type":"Feature","properties":{"nombre":"Segunda Faja","jerarquia":4},"geometry":{"type":"LineString","coordinates":[[-72.22625,-39.30356],[-72.2261,-39.3036]]}},{"type":"Feature","properties":{"nombre":"","jerarquia":3},"geometry":{"type":"LineString","coordinates":[[-72.23331,-39.30292],[-72.23324,-39.30271],[-72.23301,-39.30249]]}},{"type":"Feature","properties":{"nombre":"","jerarquia":3},"geometry":{"type":"LineString","coordinates":[[-72.23301,-39.30249],[-72.2328,-39.3024]]}},{"type":"Feature","properties":{"nombre":"","jerarquia":3},"geometry":{"type":"LineString","coordinates":[[-72.23298,-39.30228],[-72.23319,-39.30224],[-72.23337,-39.30214]]}},{"type":"Feature","properties":{"nombre":"","jerarquia":3},"geometry":{"type":"LineString","coordinates":[[-72.23337,-39.30214],[-72.23346,-39.30205]]}},{"type":"Feature","properties":{"nombre":"Ruta S-95-T","jerarquia":3},"geometry":{"type":"LineString","coordinates":[[-72.21755,-39.34782],[-72.21745,-39.34805]]}},{"type":"Feature","properties":{"nombre":"Ruta S-95-T","jerarquia":3},"geometry":{"type":"LineString","coordinates":[[-72.22138,-39.33696],[-72.22151,-39.33741],[-72.22154,-39.33782],[-72.2213,-39.3389],[-72.21957,-39.34303]]}},{"type":"Feature","properties":{"nombre":"Ruta S-95-T","jerarquia":3},"geometry":{"type":"LineString","coordinates":[[-72.21957,-39.34303],[-72.21755,-39.34782]]}},{"type":"Feature","properties":{"nombre":"Camino Cónquil - Voipir","jerarquia":5},"geometry":{"type":"LineString","coordinates":[[-72.193,-39.34352],[-72.193,-39.34333]]}},{"type":"Feature","properties":{"nombre":"Camino Cónquil - Voipir","jerarquia":5},"geometry":{"type":"LineString","coordinates":[[-72.193,-39.34369],[-72.193,-39.34352]]}},{"type":"Feature","properties":{"nombre":"Ruta S-95-T","jerarquia":3},"geometry":{"type":"LineString","coordinates":[[-72.20692,-39.36289],[-72.20721,-39.3649],[-72.20752,-39.36574],[-72.20776,-39.36605],[-72.20819,-39.36643],[-72.20941,-39.36735]]}},{"type":"Feature","properties":{"nombre":"Gerónimo de Alderete","jerarquia":4},"geometry":{"type":"LineString","coordinates":[[-72.23071,-39.28494],[-72.23167,-39.28577]]}},{"type":"Feature","properties":{"nombre":"Gerónimo de Alderete","jerarquia":4},"geometry":{"type":"LineString","coordinates":[[-72.23157,-39.28584],[-72.2307,-39.28507]]}},{"type":"Feature","properties":{"nombre":"Gerónimo de Alderete","jerarquia":4},"geometry":{"type":"LineString","coordinates":[[-72.2307,-39.28507],[-72.23062,-39.28501]]}},{"type":"Feature","properties":{"nombre":"Segunda Faja","jerarquia":4},"geometry":{"type":"LineString","coordinates":[[-72.22393,-39.30402],[-72.22543,-39.30365]]}},{"type":"Feature","properties":{"nombre":"Segunda Faja","jerarquia":4},"geometry":{"type":"LineString","coordinates":[[-72.22543,-39.30365],[-72.22606,-39.30349]]}},{"type":"Feature","properties":{"nombre":"Camino Collico Sur - Tres Esquinas","jerarquia":5},"geometry":{"type":"LineString","coordinates":[[-72.29592,-39.36071],[-72.3015,-39.35942]]}},{"type":"Feature","properties":{"nombre":"Camino Cancha Aviación - Relún","jerarquia":5},"geometry":{"type":"LineString","coordinates":[[-72.31382,-39.37413],[-72.31404,-39.37433],[-72.31417,-39.37454]]}},{"type":"Feature","properties":{"nombre":"Camino Cancha Aviación - Relún","jerarquia":5},"geometry":{"type":"LineString","coordinates":[[-72.25758,-39.33373],[-72.25791,-39.334],[-72.25828,-39.33419],[-72.26279,-39.33569],[-72.26617,-39.33628],[-72.26669,-39.33645],[-72.26767,-39.33693]]}},{"type":"Feature","properties":{"nombre":"Camino Cancha Aviación - Relún","jerarquia":5},"geometry":{"type":"LineString","coordinates":[[-72.26767,-39.33693],[-72.27557,-39.3409],[-72.27847,-39.34288],[-72.28334,-39.34417],[-72.28453,-39.34407],[-72.28947,-39.34547],[-72.29084,-39.34707],[-72.29168,-39.34797],[-72.29207,-39.34877],[-72.29208,-39.35033],[-72.2926,-39.35118],[-72.295,-39.35207],[-72.29608,-39.35383],[-72.3015,-39.35942]]}},{"type":"Feature","properties":{"nombre":"Segunda Faja","jerarquia":4},"geometry":{"type":"LineString","coordinates":[[-72.22606,-39.30349],[-72.22621,-39.30346]]}},{"type":"Feature","properties":{"nombre":"Segunda Faja","jerarquia":4},"geometry":{"type":"LineString","coordinates":[[-72.22621,-39.30346],[-72.22694,-39.30329]]}},{"type":"Feature","properties":{"nombre":"Segunda Faja","jerarquia":4},"geometry":{"type":"LineString","coordinates":[[-72.22694,-39.30329],[-72.22709,-39.30325]]}},{"type":"Feature","properties":{"nombre":"Camino Cancha Aviación - Relún","jerarquia":5},"geometry":{"type":"LineString","coordinates":[[-72.23283,-39.31592],[-72.234,-39.3168]]}},{"type":"Feature","properties":{"nombre":"Camino Cancha Aviación - Relún","jerarquia":5},"geometry":{"type":"LineString","coordinates":[[-72.234,-39.3168],[-72.23476,-39.31739]]}},{"type":"Feature","properties":{"nombre":"Camino Cancha Aviación - Relún","jerarquia":5},"geometry":{"type":"LineString","coordinates":[[-72.23476,-39.31739],[-72.23497,-39.31755]]}},{"type":"Feature","properties":{"nombre":"Camino Cancha Aviación - Relún","jerarquia":5},"geometry":{"type":"LineString","coordinates":[[-72.23497,-39.31755],[-72.2365,-39.31872]]}},{"type":"Feature","properties":{"nombre":"Camino Cancha Aviación - Relún","jerarquia":5},"geometry":{"type":"LineString","coordinates":[[-72.2365,-39.31872],[-72.23683,-39.31898]]}},{"type":"Feature","properties":{"nombre":"Camino Cancha Aviación - Relún","jerarquia":5},"geometry":{"type":"LineString","coordinates":[[-72.23683,-39.31898],[-72.23754,-39.31952]]}},{"type":"Feature","properties":{"nombre":"Camino Cancha Aviación - Relún","jerarquia":5},"geometry":{"type":"LineString","coordinates":[[-72.23754,-39.31952],[-72.23902,-39.32068]]}},{"type":"Feature","properties":{"nombre":"Camino Cancha Aviación - Relún","jerarquia":5},"geometry":{"type":"LineString","coordinates":[[-72.23902,-39.32068],[-72.23906,-39.32071]]}},{"type":"Feature","properties":{"nombre":"Camino Cancha Aviación - Relún","jerarquia":5},"geometry":{"type":"LineString","coordinates":[[-72.23906,-39.32071],[-72.23943,-39.32101]]}},{"type":"Feature","properties":{"nombre":"Camino Cancha Aviación - Relún","jerarquia":5},"geometry":{"type":"LineString","coordinates":[[-72.23943,-39.32101],[-72.24161,-39.32267]]}},{"type":"Feature","properties":{"nombre":"Camino Cancha Aviación - Relún","jerarquia":5},"geometry":{"type":"LineString","coordinates":[[-72.24161,-39.32267],[-72.2422,-39.32312]]}},{"type":"Feature","properties":{"nombre":"Camino Cancha Aviación - Relún","jerarquia":5},"geometry":{"type":"LineString","coordinates":[[-72.2422,-39.32312],[-72.24341,-39.32406]]}},{"type":"Feature","properties":{"nombre":"Camino Cancha Aviación - Relún","jerarquia":5},"geometry":{"type":"LineString","coordinates":[[-72.24341,-39.32406],[-72.24367,-39.32425]]}},{"type":"Feature","properties":{"nombre":"Camino Cancha Aviación - Relún","jerarquia":5},"geometry":{"type":"LineString","coordinates":[[-72.25085,-39.32988],[-72.25171,-39.33028],[-72.25229,-39.33045],[-72.25301,-39.33058],[-72.25363,-39.33084],[-72.25531,-39.33206],[-72.25665,-39.33281],[-72.25758,-39.33373]]}},{"type":"Feature","properties":{"nombre":"Camino Cancha Aviación - Relún","jerarquia":5},"geometry":{"type":"LineString","coordinates":[[-72.2507,-39.32978],[-72.25085,-39.32988]]}},{"type":"Feature","properties":{"nombre":"Camino Internacional Monseñor Francisco Valdés Subercaseaux","jerarquia":3},"geometry":{"type":"LineString","coordinates":[[-72.15915,-39.2976],[-72.1598,-39.29763],[-72.16033,-39.29758],[-72.1643,-39.29672],[-72.16508,-39.29642],[-72.16701,-39.29538]]}},{"type":"Feature","properties":{"nombre":"Camino Internacional Monseñor Francisco Valdés Subercaseaux","jerarquia":3},"geometry":{"type":"LineString","coordinates":[[-72.16701,-39.29538],[-72.16969,-39.29394]]}},{"type":"Feature","properties":{"nombre":"Camino Internacional Monseñor Francisco Valdés Subercaseaux","jerarquia":3},"geometry":{"type":"LineString","coordinates":[[-72.16969,-39.29394],[-72.17032,-39.29358]]}},{"type":"Feature","properties":{"nombre":"Camino Internacional Monseñor Francisco Valdés Subercaseaux","jerarquia":3},"geometry":{"type":"LineString","coordinates":[[-72.17032,-39.29358],[-72.17047,-39.29351]]}},{"type":"Feature","properties":{"nombre":"Camino Internacional Monseñor Francisco Valdés Subercaseaux","jerarquia":3},"geometry":{"type":"LineString","coordinates":[[-72.17047,-39.29351],[-72.17075,-39.29339]]}},{"type":"Feature","properties":{"nombre":"Camino Internacional Monseñor Francisco Valdés Subercaseaux","jerarquia":3},"geometry":{"type":"LineString","coordinates":[[-72.17075,-39.29339],[-72.17106,-39.29329]]}},{"type":"Feature","properties":{"nombre":"Camino Internacional Monseñor Francisco Valdés Subercaseaux","jerarquia":3},"geometry":{"type":"LineString","coordinates":[[-72.17106,-39.29329],[-72.17199,-39.29302]]}},{"type":"Feature","properties":{"nombre":"Camino Internacional Monseñor Francisco Valdés Subercaseaux","jerarquia":3},"geometry":{"type":"LineString","coordinates":[[-72.17199,-39.29302],[-72.17262,-39.29285]]}},{"type":"Feature","properties":{"nombre":"Camino Internacional Monseñor Francisco Valdés Subercaseaux","jerarquia":3},"geometry":{"type":"LineString","coordinates":[[-72.17262,-39.29285],[-72.17357,-39.29259]]}},{"type":"Feature","properties":{"nombre":"Camino Internacional Monseñor Francisco Valdés Subercaseaux","jerarquia":3},"geometry":{"type":"LineString","coordinates":[[-72.17357,-39.29259],[-72.17451,-39.29239],[-72.17561,-39.29236]]}},{"type":"Feature","properties":{"nombre":"Camino Internacional Monseñor Francisco Valdés Subercaseaux","jerarquia":3},"geometry":{"type":"LineString","coordinates":[[-72.17561,-39.29236],[-72.17619,-39.2924]]}},{"type":"Feature","properties":{"nombre":"Camino Internacional Monseñor Francisco Valdés Subercaseaux","jerarquia":3},"geometry":{"type":"LineString","coordinates":[[-72.17619,-39.2924],[-72.17675,-39.29244]]}},{"type":"Feature","properties":{"nombre":"Camino Internacional Monseñor Francisco Valdés Subercaseaux","jerarquia":3},"geometry":{"type":"LineString","coordinates":[[-72.17675,-39.29244],[-72.18077,-39.29277]]}},{"type":"Feature","properties":{"nombre":"Camino Internacional Monseñor Francisco Valdés Subercaseaux","jerarquia":3},"geometry":{"type":"LineString","coordinates":[[-72.18077,-39.29277],[-72.181,-39.29278]]}},{"type":"Feature","properties":{"nombre":"Camino Internacional Monseñor Francisco Valdés Subercaseaux","jerarquia":3},"geometry":{"type":"LineString","coordinates":[[-72.181,-39.29278],[-72.18413,-39.29297],[-72.18489,-39.29306]]}},{"type":"Feature","properties":{"nombre":"Camino Internacional Monseñor Francisco Valdés Subercaseaux","jerarquia":3},"geometry":{"type":"LineString","coordinates":[[-72.18489,-39.29306],[-72.18605,-39.29321]]}},{"type":"Feature","properties":{"nombre":"Camino Internacional Monseñor Francisco Valdés Subercaseaux","jerarquia":3},"geometry":{"type":"LineString","coordinates":[[-72.18605,-39.29321],[-72.18708,-39.29334]]}},{"type":"Feature","properties":{"nombre":"Camino Internacional Monseñor Francisco Valdés Subercaseaux","jerarquia":3},"geometry":{"type":"LineString","coordinates":[[-72.18708,-39.29334],[-72.1959,-39.29454],[-72.19644,-39.29458]]}},{"type":"Feature","properties":{"nombre":"Segunda Faja","jerarquia":4},"geometry":{"type":"LineString","coordinates":[[-72.21448,-39.30649],[-72.21441,-39.30651]]}},{"type":"Feature","properties":{"nombre":"Segunda Faja","jerarquia":4},"geometry":{"type":"LineString","coordinates":[[-72.21615,-39.30607],[-72.21531,-39.30629]]}},{"type":"Feature","properties":{"nombre":"Segunda Faja","jerarquia":4},"geometry":{"type":"LineString","coordinates":[[-72.21531,-39.30629],[-72.21487,-39.3064]]}},{"type":"Feature","properties":{"nombre":"Segunda Faja","jerarquia":4},"geometry":{"type":"LineString","coordinates":[[-72.21487,-39.3064],[-72.21448,-39.30649]]}},{"type":"Feature","properties":{"nombre":"Segunda Faja","jerarquia":4},"geometry":{"type":"LineString","coordinates":[[-72.2326,-39.30238],[-72.23202,-39.30233]]}},{"type":"Feature","properties":{"nombre":"Segunda Faja","jerarquia":4},"geometry":{"type":"LineString","coordinates":[[-72.23339,-39.30244],[-72.2328,-39.3024]]}},{"type":"Feature","properties":{"nombre":"Segunda Faja","jerarquia":4},"geometry":{"type":"LineString","coordinates":[[-72.2328,-39.3024],[-72.2326,-39.30238]]}},{"type":"Feature","properties":{"nombre":"Segunda Faja","jerarquia":4},"geometry":{"type":"LineString","coordinates":[[-72.20803,-39.30806],[-72.20708,-39.30826]]}},{"type":"Feature","properties":{"nombre":"Segunda Faja","jerarquia":4},"geometry":{"type":"LineString","coordinates":[[-72.20708,-39.30826],[-72.20645,-39.30837]]}},{"type":"Feature","properties":{"nombre":"Séptima Faja","jerarquia":5},"geometry":{"type":"LineString","coordinates":[[-72.36066,-39.26599],[-72.36089,-39.26235],[-72.36095,-39.26216],[-72.36121,-39.26206]]}},{"type":"Feature","properties":{"nombre":"Colo Colo","jerarquia":5},"geometry":{"type":"LineString","coordinates":[[-72.224,-39.2896],[-72.22397,-39.28956]]}},{"type":"Feature","properties":{"nombre":"Colo Colo","jerarquia":5},"geometry":{"type":"LineString","coordinates":[[-72.22369,-39.28932],[-72.22273,-39.2885]]}},{"type":"Feature","properties":{"nombre":"Colo Colo","jerarquia":5},"geometry":{"type":"LineString","coordinates":[[-72.22273,-39.2885],[-72.22234,-39.28816]]}},{"type":"Feature","properties":{"nombre":"Aviador Acevedo","jerarquia":3},"geometry":{"type":"LineString","coordinates":[[-72.22591,-39.28741],[-72.22599,-39.28747]]}},{"type":"Feature","properties":{"nombre":"Aviador Acevedo","jerarquia":3},"geometry":{"type":"LineString","coordinates":[[-72.22599,-39.28747],[-72.22636,-39.2878]]}},{"type":"Feature","properties":{"nombre":"Aviador Acevedo","jerarquia":3},"geometry":{"type":"LineString","coordinates":[[-72.22636,-39.2878],[-72.22644,-39.28787]]}},{"type":"Feature","properties":{"nombre":"Aviador Acevedo","jerarquia":3},"geometry":{"type":"LineString","coordinates":[[-72.22521,-39.2868],[-72.22557,-39.28711]]}},{"type":"Feature","properties":{"nombre":"Aviador Acevedo","jerarquia":3},"geometry":{"type":"LineString","coordinates":[[-72.22557,-39.28711],[-72.22561,-39.28714]]}},{"type":"Feature","properties":{"nombre":"Aviador Acevedo","jerarquia":3},"geometry":{"type":"LineString","coordinates":[[-72.22561,-39.28714],[-72.22591,-39.28741]]}},{"type":"Feature","properties":{"nombre":"Avenida Pedro de Valdivia","jerarquia":5},"geometry":{"type":"LineString","coordinates":[[-72.22399,-39.28572],[-72.22394,-39.28582],[-72.2236,-39.28607]]}},{"type":"Feature","properties":{"nombre":"Avenida Pedro de Valdivia","jerarquia":5},"geometry":{"type":"LineString","coordinates":[[-72.2218,-39.28727],[-72.22162,-39.28739]]}},{"type":"Feature","properties":{"nombre":"Avenida Pedro de Valdivia","jerarquia":5},"geometry":{"type":"LineString","coordinates":[[-72.22162,-39.28739],[-72.22152,-39.28746]]}},{"type":"Feature","properties":{"nombre":"Avenida Pedro de Valdivia","jerarquia":5},"geometry":{"type":"LineString","coordinates":[[-72.22144,-39.28739],[-72.22187,-39.2871]]}},{"type":"Feature","properties":{"nombre":"Avenida Pedro de Valdivia","jerarquia":5},"geometry":{"type":"LineString","coordinates":[[-72.22362,-39.28594],[-72.22372,-39.28587]]}},{"type":"Feature","properties":{"nombre":"Avenida Pedro de Valdivia","jerarquia":5},"geometry":{"type":"LineString","coordinates":[[-72.22372,-39.28587],[-72.22399,-39.28572]]}},{"type":"Feature","properties":{"nombre":"Avenida Pedro de Valdivia","jerarquia":3},"geometry":{"type":"LineString","coordinates":[[-72.22498,-39.28492],[-72.22512,-39.28482]]}},{"type":"Feature","properties":{"nombre":"Avenida Pedro de Valdivia","jerarquia":3},"geometry":{"type":"LineString","coordinates":[[-72.22512,-39.28482],[-72.22586,-39.28431]]}},{"type":"Feature","properties":{"nombre":"Avenida Pedro de Valdivia","jerarquia":3},"geometry":{"type":"LineString","coordinates":[[-72.22612,-39.28427],[-72.2261,-39.28428]]}},{"type":"Feature","properties":{"nombre":"Avenida Pedro de Valdivia","jerarquia":3},"geometry":{"type":"LineString","coordinates":[[-72.2261,-39.28428],[-72.22603,-39.28433]]}},{"type":"Feature","properties":{"nombre":"Avenida Pedro de Valdivia","jerarquia":3},"geometry":{"type":"LineString","coordinates":[[-72.22603,-39.28433],[-72.22533,-39.28482]]}},{"type":"Feature","properties":{"nombre":"Avenida Presidente Juan Antonio Ríos","jerarquia":4},"geometry":{"type":"LineString","coordinates":[[-72.23045,-39.29145],[-72.23049,-39.29137]]}},{"type":"Feature","properties":{"nombre":"Ruta S-91","jerarquia":3},"geometry":{"type":"LineString","coordinates":[[-72.30714,-39.27945],[-72.30583,-39.27901]]}},{"type":"Feature","properties":{"nombre":"Ruta S-91","jerarquia":3},"geometry":{"type":"LineString","coordinates":[[-72.30583,-39.27901],[-72.30543,-39.27883],[-72.3018,-39.27675]]}},{"type":"Feature","properties":{"nombre":"Ruta S-91","jerarquia":3},"geometry":{"type":"LineString","coordinates":[[-72.3018,-39.27675],[-72.30057,-39.27611],[-72.29991,-39.27587],[-72.29915,-39.27566]]}},{"type":"Feature","properties":{"nombre":"Ruta S-91","jerarquia":3},"geometry":{"type":"LineString","coordinates":[[-72.29915,-39.27566],[-72.29828,-39.27552]]}},{"type":"Feature","properties":{"nombre":"Ruta S-65","jerarquia":4},"geometry":{"type":"LineString","coordinates":[[-72.30977,-39.27818],[-72.3094,-39.27914],[-72.30915,-39.27938]]}},{"type":"Feature","properties":{"nombre":"Ruta S-91","jerarquia":3},"geometry":{"type":"LineString","coordinates":[[-72.31154,-39.27982],[-72.30978,-39.28004],[-72.30907,-39.27999],[-72.30853,-39.27987]]}},{"type":"Feature","properties":{"nombre":"Ruta S-91","jerarquia":3},"geometry":{"type":"LineString","coordinates":[[-72.30853,-39.27987],[-72.30833,-39.2798]]}},{"type":"Feature","properties":{"nombre":"Juan Contreras","jerarquia":5},"geometry":{"type":"LineString","coordinates":[[-72.30833,-39.2798],[-72.30825,-39.27986]]}},{"type":"Feature","properties":{"nombre":"Juan Contreras","jerarquia":5},"geometry":{"type":"LineString","coordinates":[[-72.30825,-39.27986],[-72.3082,-39.28005]]}},{"type":"Feature","properties":{"nombre":"Juan Contreras","jerarquia":5},"geometry":{"type":"LineString","coordinates":[[-72.3082,-39.28005],[-72.30821,-39.28011]]}},{"type":"Feature","properties":{"nombre":"Ruta S-65","jerarquia":4},"geometry":{"type":"LineString","coordinates":[[-72.30915,-39.27938],[-72.30844,-39.27974]]}},{"type":"Feature","properties":{"nombre":"Ruta S-65","jerarquia":4},"geometry":{"type":"LineString","coordinates":[[-72.30844,-39.27974],[-72.30833,-39.2798]]}},{"type":"Feature","properties":{"nombre":"Colo Colo","jerarquia":5},"geometry":{"type":"LineString","coordinates":[[-72.22234,-39.28816],[-72.22192,-39.2878]]}},{"type":"Feature","properties":{"nombre":"Colo Colo","jerarquia":5},"geometry":{"type":"LineString","coordinates":[[-72.22192,-39.2878],[-72.22154,-39.28747]]}},{"type":"Feature","properties":{"nombre":"Colo Colo","jerarquia":5},"geometry":{"type":"LineString","coordinates":[[-72.22142,-39.28737],[-72.22071,-39.28676]]}},{"type":"Feature","properties":{"nombre":"Colo Colo","jerarquia":5},"geometry":{"type":"LineString","coordinates":[[-72.22071,-39.28676],[-72.2206,-39.28668]]}},{"type":"Feature","properties":{"nombre":"Manuel Antonio Matta","jerarquia":5},"geometry":{"type":"LineString","coordinates":[[-72.23035,-39.28137],[-72.23032,-39.28135]]}},{"type":"Feature","properties":{"nombre":"Manuel Antonio Matta","jerarquia":5},"geometry":{"type":"LineString","coordinates":[[-72.23032,-39.28135],[-72.23023,-39.28127]]}},{"type":"Feature","properties":{"nombre":"Manuel Antonio Matta","jerarquia":5},"geometry":{"type":"LineString","coordinates":[[-72.23023,-39.28127],[-72.23016,-39.28121]]}},{"type":"Feature","properties":{"nombre":"Saturnino Epulef","jerarquia":3},"geometry":{"type":"LineString","coordinates":[[-72.22326,-39.29005],[-72.22386,-39.28963]]}},{"type":"Feature","properties":{"nombre":"Saturnino Epulef","jerarquia":3},"geometry":{"type":"LineString","coordinates":[[-72.22386,-39.28963],[-72.22397,-39.28956]]}},{"type":"Feature","properties":{"nombre":"Saturnino Epulef","jerarquia":3},"geometry":{"type":"LineString","coordinates":[[-72.22455,-39.28919],[-72.22535,-39.28863]]}},{"type":"Feature","properties":{"nombre":"Saturnino Epulef","jerarquia":3},"geometry":{"type":"LineString","coordinates":[[-72.22218,-39.29083],[-72.22297,-39.29029]]}},{"type":"Feature","properties":{"nombre":"Saturnino Epulef","jerarquia":3},"geometry":{"type":"LineString","coordinates":[[-72.22297,-39.29029],[-72.22316,-39.29011]]}},{"type":"Feature","properties":{"nombre":"Saturnino Epulef","jerarquia":3},"geometry":{"type":"LineString","coordinates":[[-72.22422,-39.28939],[-72.22455,-39.28919]]}},{"type":"Feature","properties":{"nombre":"Saturnino Epulef","jerarquia":3},"geometry":{"type":"LineString","coordinates":[[-72.22455,-39.28919],[-72.22426,-39.28942]]}},{"type":"Feature","properties":{"nombre":"Saturnino Epulef","jerarquia":3},"geometry":{"type":"LineString","coordinates":[[-72.22321,-39.29015],[-72.22297,-39.29029]]}},{"type":"Feature","properties":{"nombre":"Saturnino Epulef","jerarquia":3},"geometry":{"type":"LineString","coordinates":[[-72.22426,-39.28942],[-72.22409,-39.28953]]}},{"type":"Feature","properties":{"nombre":"Saturnino Epulef","jerarquia":3},"geometry":{"type":"LineString","coordinates":[[-72.22409,-39.28953],[-72.224,-39.2896]]}},{"type":"Feature","properties":{"nombre":"Saturnino Epulef","jerarquia":3},"geometry":{"type":"LineString","coordinates":[[-72.22316,-39.29011],[-72.22326,-39.29005]]}},{"type":"Feature","properties":{"nombre":"Saturnino Epulef","jerarquia":3},"geometry":{"type":"LineString","coordinates":[[-72.22397,-39.28956],[-72.22422,-39.28939]]}},{"type":"Feature","properties":{"nombre":"Colo Colo","jerarquia":5},"geometry":{"type":"LineString","coordinates":[[-72.22397,-39.28956],[-72.22388,-39.28949]]}},{"type":"Feature","properties":{"nombre":"Colo Colo","jerarquia":5},"geometry":{"type":"LineString","coordinates":[[-72.22388,-39.28949],[-72.22369,-39.28932]]}}]}